Type,Series,Date,City,State/Region/Province,Country,ENL,RES,Details,Info
Other Anomaly,Battle For Cahokia Mounds,2013-01-28,Collinsville,Illinois,United States,1,0,Battle For Cahokia Mounds,
Other Anomaly,Save Klue (Scotland),2013-03-02,Stirling,Scotland,United Kingdom,0,12,Save Klue (Scotland),
Other Anomaly,IngressSXSW,2013-03-09,Austin,Texas,United States,7,8,IngressSXSW,
Other Anomaly,Free Misty,2013-03-09,Austin,Texas,United States,0,1,Free Misty,
Other Anomaly,Free Misty,2013-03-09,Austin,Texas,United States,1,0,Free Misty,
Other Anomaly,Free Misty,2013-03-09,Lake Geneva,Wisconsin,United States,1,0,Free Misty,
Other Anomaly,Operation Juice Club,2013-03-27,Los Angeles,California,United States,0,1,Operation Juice Club,
Other Anomaly,Shaper Data,2013-04-21,Geneva,n/a,Switzerland,0,7,Shaper Data,This score is the sum total of the other sites.
Other Anomaly,Shaper Data,2013-04-21,Charny,n/a,France,0,2,Shaper Data,
Other Anomaly,Shaper Data,2013-04-21,Stuttgart,n/a,Germany,0,1,Shaper Data,
Other Anomaly,Shaper Data,2013-04-21,Milan,n/a,Italy,0,1,Shaper Data,
Other Anomaly,Shaper Data,2013-04-21,Munich,n/a,Germany,0,1,Shaper Data,
Other Anomaly,Shaper Data,2013-04-21,Zurich,n/a,Switzerland,0,1,Shaper Data,
Other Anomaly,Shaper Data,2013-04-21,Monaco,n/a,Monaco,0,1,Shaper Data,
Other Anomaly,Shaper Data,2013-04-21,Paris,n/a,France,0,0,Shaper Data,
Other Anomaly,Operation Bowstring,2013-05-16,San Francisco,California,United States,78,9,Operation Bowstring,
Other Anomaly,Cross Plains Ingress Day,2013-06-07,Cross Plains,Texas,United States,417,42,Cross Plains Ingress Day,
Other Anomaly,TimeZero,2013-06-23,London,England,United Kingdom,424,284,TimeZero,
Other Anomaly,Tule Rift,2013-06-29,Visalia,California,United States,65,35,Tule Rift,
Other Anomaly,Save Klue (Portland),2013-06-30,Portland,Oregon,United States,72,67,Save Klue (Portland),
Other Anomaly,Voynich,2013-07-13,Hamburg,n/a,Germany,767,478,Voynich,"This is the total confirmed score for the overall ""Operation Voynich - Hamburg Anomaly"""
Other Anomaly,Voynich,2013-07-13,Hamburg,n/a,Germany,32,116,Voynich,This is the best guess individual city contribution.
Other Anomaly,Voynich,2013-07-13,Stockholm,n/a,Sweden,52,56,Voynich,This is the best guess individual city contribution.
Other Anomaly,Voynich,2013-07-13,Copenhagen,n/a,Denmark,14,45,Voynich,This is the best guess individual city contribution.
Other Anomaly,Voynich,2013-07-13,Oslo,n/a,Norway,38,6,Voynich,This is the best guess individual city contribution.
Other Anomaly,Voynich,2013-07-13,Helsinki,n/a,Finland,135,2,Voynich,This is the best guess individual city contribution.
Other Anomaly,Voynich,2013-07-13,St. Petersburg,n/a,Russia,107,3,Voynich,This is the best guess individual city contribution.
Other Anomaly,Voynich,2013-07-13,Moscow,n/a,Russia,76,25,Voynich,This is the best guess individual city contribution.
Other Anomaly,Anomaly on the Bay,2013-08-03,Menominee,Michigan,United States,0,0,Anomaly on the Bay,
Other Anomaly,Panama City Ingress Event,2013-07-27,Panama City,Florida,United States,4000,53000,Panama City Ingress Event,
Other Anomaly,Minotaur,2013-08-03,Minneapolis,Minnesota,United States,1032,2603,Minotaur,"This is the total confirmed score for the overall ""Operation Minotaur - Minneapolis Anomaly"""
Other Anomaly,Minotaur,2013-08-03,Minneapolis,Minnesota,United States,24,180,Minotaur,This is the best guess individual city contribution.
Other Anomaly,Minotaur,2013-08-03,Salt Lake City,Utah,United States,77,14,Minotaur,This is the best guess individual city contribution.
Other Anomaly,Minotaur,2013-08-03,St. Louis,Missouri,United States,29,46,Minotaur,This is the best guess individual city contribution.
Other Anomaly,Minotaur,2013-08-03,Kansas City,Missouri,United States,0,278,Minotaur,This is the best guess individual city contribution.
Other Anomaly,Minotaur,2013-08-03,Atlanta,Georgia,United States,14,107,Minotaur,This is the best guess individual city contribution.
Other Anomaly,Minotaur,2013-08-03,Denver,Colorado,United States,80,48,Minotaur,This is the best guess individual city contribution.
Other Anomaly,Minotaur,2013-08-03,Toronto,n/a,Canada,57,28,Minotaur,This is the best guess individual city contribution.
Other Anomaly,Minotaur,2013-08-03,Montreal,n/a,Canada,111,19,Minotaur,This is the best guess individual city contribution.
Other Anomaly,Cassandra,2013-08-24,Chicago,Illinois,United States,936,311,Cassandra,
Other Anomaly,Cassandra,2013-08-24,New York City,New York State,United States,441,813,Cassandra,
Other Anomaly,Cassandra,2013-08-24,Cologne,n/a,Germany,491,404,Cassandra,
Other Anomaly,Cassandra,2013-08-22,Hong Kong,n/a,China,75,328,Cassandra,
Other Anomaly,Cassandra,2013-08-21,Sao Paulo,n/a,Brazil,125,96,Cassandra,
Other Anomaly,Cassandra,2013-08-20,Paris,n/a,France,433,28,Cassandra,
Other Anomaly,Cassandra,2013-08-20,Manila,n/a,Philippines,177,231,Cassandra,
Other Anomaly,Cassandra,2013-08-17,Boston,Massachusetts,United States,342,356,Cassandra,
Other Anomaly,Cassandra,2013-08-17,Washington,DC,United States,489,599,Cassandra,
Other Anomaly,Cassandra,2013-08-17,Dusseldorf,n/a,Germany,514,324,Cassandra,
Other Anomaly,Cassandra,2013-08-15,Tokyo,n/a,Japan,89,154,Cassandra,
Other Anomaly,Cassandra,2013-08-13,Milan,n/a,Italy,158,79,Cassandra,
Other Anomaly,Cassandra,2013-08-11,Sydney,New South Wales,Australia,278,82,Cassandra,
Other Anomaly,Ingress Campus,2013-09-10,Cambridge,Massachusetts ,United States,0,4475,Ingress Campus,
Other Anomaly,Ingress Campus,2013-09-11,Cambridge,Massachusetts ,United States,0,6075,Ingress Campus,
Other Anomaly,Ingress Campus,2013-09-12,New York City,New York State,United States,95,575,Ingress Campus,
Other Anomaly,Ingress Campus,2013-09-17,Los Angeles,California,United States,5,3125,Ingress Campus,
Other Anomaly,Ingress Campus,2013-11-16,Honolulu,Hawaii,United States,950,75,Ingress Campus,
Other Anomaly,13MAGNUS - Anomaly,2013-10-16,Los Angeles,California,United States,202,645,13Magnus - Anomaly,
Other Anomaly,13MAGNUS - Anomaly,2013-10-16,San Jose,California,United States,656,201,13Magnus - Anomaly,
Other Anomaly,13MAGNUS - Anomaly,2013-10-16,Bangkok,n/a,Thailand,2299,0,13Magnus - Anomaly,
Other Anomaly,13MAGNUS - Anomaly,2013-10-16,Santa Fe,New Mexico,United States,146,13,13Magnus - Anomaly,
Other Anomaly,13MAGNUS - Anomaly,2013-10-16,Montreal,n/a,Canada,172,146,13Magnus - Anomaly,
Other Anomaly,13MAGNUS - Anomaly,2013-10-16,Vancouver,n/a,Canada,126,215,13Magnus - Anomaly,
Other Anomaly,13MAGNUS - Anomaly,2013-10-26,Seattle,Washington,United States,362,510,13Magnus - Anomaly,
Other Anomaly,13MAGNUS - Anomaly,2013-10-26,Kyiv,n/a,Ukraine,485,450,13Magnus - Anomaly,
Other Anomaly,13MAGNUS - Anomaly,2013-10-26,Prague,n/a,Czech Republic,317,115,13Magnus - Anomaly,
Other Anomaly,13MAGNUS - Anomaly,2013-10-26,Budapest,n/a,Hungary,234,121,13Magnus - Anomaly,
Other Anomaly,13MAGNUS - Anomaly,2013-10-26,Bucharest,n/a,Romania,260,61,13Magnus - Anomaly,
Other Anomaly,13MAGNUS - Anomaly,2013-10-26,Warsaw,n/a,Poland,247,197,13Magnus - Anomaly,
Other Anomaly,13MAGNUS - Anomaly,2013-11-02,Atlanta,Georgia,United States,272,667,13Magnus - Anomaly,
Other Anomaly,13MAGNUS - Anomaly,2013-11-02,Madrid,n/a,Spain,235,431,13Magnus - Anomaly,
Other Anomaly,13MAGNUS - Anomaly,2013-11-02,Mumbai,n/a,India,421,268,13Magnus - Anomaly,
Other Anomaly,13MAGNUS - Anomaly,2013-11-02,Barcelona,n/a,Spain,145,121,13Magnus - Anomaly,
Other Anomaly,13MAGNUS - Anomaly,2013-11-02,Charlotte,North Carolina,United States,226,111,13Magnus - Anomaly,
Other Anomaly,13MAGNUS - Anomaly,2013-11-02,Libson,n/a,Portugal,1217,0,13Magnus - Anomaly,
Other Anomaly,13MAGNUS - Anomaly,2013-11-02,Raleigh,North Carolina,United States,398,79,13Magnus - Anomaly,
Other Anomaly,13MAGNUS - Anomaly,2013-11-16,Dallas,Texas,United States,455,546,13Magnus - Anomaly,
Other Anomaly,13MAGNUS - Anomaly,2013-11-16,Vienna,n/a,Austria,492,694,13Magnus - Anomaly,
Other Anomaly,13MAGNUS - Anomaly,2013-11-16,Austin,Texas,United States,138,276,13Magnus - Anomaly,
Other Anomaly,13MAGNUS - Anomaly,2013-11-16,Bratislava,n/a,Slovakia,758,77,13Magnus - Anomaly,
Other Anomaly,13MAGNUS - Anomaly,2013-11-16,Graz,n/a,Austria,299,208,13Magnus - Anomaly,
Other Anomaly,13MAGNUS - Anomaly,2013-11-16,Houston,Texas,United States,270,116,13Magnus - Anomaly,
Other Anomaly,13MAGNUS - Anomaly,2013-11-16,San Antonio,Texas,United States,80,223,13Magnus - Anomaly,
Other Anomaly,13MAGNUS - Anomaly,2013-11-16,Zurich,n/a,Switzerland,177,135,13Magnus - Anomaly,
Other Anomaly,13MAGNUS - Anomaly,2013-12-07,Phoenix,Arizona,United States,624,717,13Magnus - Anomaly,
Other Anomaly,13MAGNUS - Anomaly,2013-12-07,Rome,n/a,Italy,927,666,13Magnus - Anomaly,
Other Anomaly,13MAGNUS - Anomaly,2013-12-07,Athens,n/a,Greece,86,691,13Magnus - Anomaly,
Other Anomaly,13MAGNUS - Anomaly,2013-12-07,Istanbul,n/a,Turkey,317,123,13Magnus - Anomaly,
Other Anomaly,13MAGNUS - Anomaly,2013-12-07,Nashville,Tennessee,United States,30,521,13Magnus - Anomaly,
Other Anomaly,13MAGNUS - Anomaly,2013-12-07,Tucson,Arizona,United States,310,94,13Magnus - Anomaly,
Other Anomaly,13MAGNUS - Anomaly,2013-12-14,Buenos Aires,n/a,Argentina,978,933,13Magnus - Anomaly,
Other Anomaly,13MAGNUS - Anomaly,2013-12-14,San Francisco,California,United States,953,574,13Magnus - Anomaly,
Other Anomaly,13MAGNUS - Anomaly,2013-12-14,Rio de Janeiro,n/a,Brazil,378,97,13Magnus - Anomaly,
Other Anomaly,13MAGNUS - Anomaly,2013-12-14,San Diego,California,United States,135,211,13Magnus - Anomaly,
Other Anomaly,13MAGNUS - Anomaly,2013-12-14,Santiago,n/a,Chile,253,84,13Magnus - Anomaly,
Other Anomaly,13MAGNUS - Anomaly,2013-12-14,Sao Paulo,n/a,Brazil,186,139,13Magnus - Anomaly,
Other Anomaly,DICE 2014 - US,2014-02-05,Las Vegas,Nevada,United States,145,630,DICE2014,
Modern Anomaly,Recursion,2014-02-15,Miami,Florida,United States,153,914,Recursion - Anomaly,
Modern Anomaly,Recursion,2014-02-15,Louisville,Kentucky,United States,120,152,Recursion - Anomaly,
Modern Anomaly,Recursion,2014-02-15,Columbus,Ohio,United States,349,46,Recursion - Anomaly,
Modern Anomaly,Recursion,2014-02-22,Bangalore,n/a,India,352,475,Recursion - Anomaly,
Modern Anomaly,Recursion,2014-02-22,Hyderabad,n/a,India,162,139,Recursion - Anomaly,
Modern Anomaly,Recursion,2014-02-22,New Delhi,n/a,India,143,77,Recursion - Anomaly,
Modern Anomaly,Recursion,2014-03-01,Nashville,Tennessee,United States,222,671,Recursion - Anomaly,
Modern Anomaly,Recursion,2014-03-01,Little Rock,Arkansas,United States,74,312,Recursion - Anomaly,
Modern Anomaly,Recursion,2014-03-01,Mobile,Alaska,United States,59,303,Recursion - Anomaly,
Modern Anomaly,Recursion,2014-03-08,Austin,Texas,United States,595,667,Recursion - Anomaly,
Modern Anomaly,Recursion,2014-03-08,Mexico City,n/a,Mexico,84,224,Recursion - Anomaly,
Modern Anomaly,Recursion,2014-03-08,St. Louis,Missouri,United States,112,241,Recursion - Anomaly,
Modern Anomaly,Recursion,2014-03-15,Zagreb,n/a,Croatia,214,987,Recursion - Anomaly,
Modern Anomaly,Recursion,2014-03-15,Cairo,n/a,Egypt,63,334,Recursion - Anomaly,
Modern Anomaly,Recursion,2014-03-15,Tel Aviv,n/a,Israel,19,697,Recursion - Anomaly,
Modern Anomaly,Recursion,2014-03-15,Nice,n/a,France,228,106,Recursion - Anomaly,
Modern Anomaly,Recursion,2014-03-15,Cagliari,Sardinia,Italy,391,26,Recursion - Anomaly,
Modern Anomaly,Recursion,2014-03-22,Boulder,Colorado,United States,438,596,Recursion - Anomaly,
Modern Anomaly,Recursion,2014-03-22,Boise,Idaho,United States,134,231,Recursion - Anomaly,
Modern Anomaly,Recursion,2014-03-22,Provo,Utah,United States,44,252,Recursion - Anomaly,
Modern Anomaly,Recursion,2014-03-29,Berlin,n/a,Germany,372,895,Recursion - Anomaly,
Modern Anomaly,Recursion,2014-03-29,Los Angeles,California,United States,370,362,Recursion - Anomaly,
Modern Anomaly,Recursion,2014-03-29,Nantes,n/a,France,180,106,Recursion - Anomaly,
Modern Anomaly,Recursion,2014-03-29,Brussels,n/a,Belgium,98,146,Recursion - Anomaly,
Modern Anomaly,Recursion,2014-03-29,Spokane,n/a,United States,282,77,Recursion - Anomaly,
Modern Anomaly,Recursion,2014-03-29,Oakland,n/a,United States,128,138,Recursion - Anomaly,
Modern Anomaly,Interitus,2014-04-12,Amsterdam,n/a,Netherlands,274,1054,Interitus,
Modern Anomaly,Interitus,2014-04-12,Glasgow,Scotland,United Kingdom,410,263,Interitus,
Modern Anomaly,Interitus,2014-04-12,Malaga,n/a,Spain,505,125,Interitus,
Modern Anomaly,Interitus,2014-04-26,Flagstaff,Arizona,United States,491,829,Interitus,
Modern Anomaly,Interitus,2014-04-26,Salt Lake City,Utah,United States,149,234,Interitus,
Modern Anomaly,Interitus,2014-04-26,Colarado Springs,Colarado,United States,347,329,Interitus,
Modern Anomaly,Interitus,2014-04-26,London,England,United Kingdom,419,604,Interitus,
Modern Anomaly,Interitus,2014-04-26,Stockholm,n/a,Sweden,179,189,Interitus,
Modern Anomaly,Interitus,2014-04-26,Frankfurt,n/a,Germany,153,359,Interitus,
Modern Anomaly,Interitus,2014-05-10,Santa Fe,New Mexico,United States,574,682.5,Interitus,
Modern Anomaly,Interitus,2014-05-10,Helena,Montana,United States,261.5,103,Interitus,
Modern Anomaly,Interitus,2014-05-10,Madison,Wiscounsin,United States,238.75,146,Interitus,
Modern Anomaly,Interitus,2014-05-10,Ishinomaki,n/a,Japan,1115,470,Interitus,
Modern Anomaly,Interitus,2014-05-10,Seoul,n/a,Korea,180,311,Interitus,
Modern Anomaly,Interitus,2014-05-10,Beijing,n/a,China,119,282,Interitus,
Modern Anomaly,Interitus,2014-05-17,Melbourne,Victoria,Australia,900,664,Interitus,
Modern Anomaly,Interitus,2014-05-17,Brisbane,Queensland,Australia,256.25,61,Interitus,
Modern Anomaly,Interitus,2014-05-17,Auckland,n/a,New Zealand,102.75,409,Interitus,
Modern Anomaly,Interitus,2014-05-17,Kansas City,Missouri,United States,174,1729,Interitus,
Modern Anomaly,Interitus,2014-05-17,Sioux Falls,South Dakota,United States,110,149,Interitus,
Modern Anomaly,Interitus,2014-05-17,Cheyenne,Wyoming,United States,71.25,200,Interitus,
Modern Anomaly,Interitus,2014-06-07,Cincinnati,Ohio,United States,1357,803,Interitus,
Modern Anomaly,Interitus,2014-06-07,Asheville,North Carolina,United States,104.75,247.5,Interitus,
Modern Anomaly,Interitus,2014-06-07,Birmingham,Alabama,United States,42,328.5,Interitus,
Modern Anomaly,Interitus,2014-06-07,Santiago,n/a,Chile,1172,676,Interitus,
Modern Anomaly,Interitus,2014-06-07,San Juan,n/a,Puerto Rico,120.5,260,Interitus,
Modern Anomaly,Interitus,2014-06-07,San Jose,n/a,Costa Rica,518,19,Interitus,
Modern Anomaly,Interitus,2014-06-21,Krakow,n/a,Poland,1014,907,Interitus,
Modern Anomaly,Interitus,2014-06-21,Bergen,n/a,Norway,238,96,Interitus,
Modern Anomaly,Interitus,2014-06-21,St. Petersburg,n/a,Russia,254,181.5,Interitus,
Modern Anomaly,Interitus,2014-06-21,Gettysburg,Pennsylvania,United States,484,920.75,Interitus,
Modern Anomaly,Interitus,2014-06-21,Hoboken,New Jersey,United States,167,519,Interitus,
Modern Anomaly,Interitus,2014-06-21,Jacksonville,Florida,United States,165,79,Interitus,
Modern Anomaly,IngressIO Burst Op,2014-06-29,San Francisco,California,United States,810,2350,IngressIO Burst Op,
Global Shards,New Agent Initiative,2014-07-13,Montreal,n/a,Canada,5079,4039,New Agent Initiative,
Global Shards,New Agent Initiative,2014-07-13,Chattanooga ,Tennessee,United States,696,4798,New Agent Initiative,
Global Shards,New Agent Initiative,2014-07-13,Toronto,n/a,Canada,8877,871,New Agent Initiative,
Modern Anomaly,Helios,2014-07-26,Dublin,n/a,Ireland,227,372,Helios - Anomaly,
Modern Anomaly,Helios,2014-07-26,Tallinn,n/a,Estonia,93,198.6,Helios - Anomaly,
Modern Anomaly,Helios,2014-07-26,Palermo,Sicily,Italy,41.2,236,Helios - Anomaly,
Modern Anomaly,Helios,2014-07-26,San Diego,California,United States,576,459.2,Helios - Anomaly,
Modern Anomaly,Helios,2014-07-26,Boston,Massachusetts,United States,292.6,184,Helios - Anomaly,
Modern Anomaly,Helios,2014-07-26,Philadelphia,Pennsylvania,United States,1108.964,930.35,Helios - Anomaly,
Modern Anomaly,Helios,2014-08-09,Taipei,n/a,Taiwan,641.8,336,Helios - Anomaly,
Modern Anomaly,Helios,2014-08-09,Hong Kong,n/a,China,138,346,Helios - Anomaly,
Modern Anomaly,Helios,2014-08-09,Kuala Lumpur,n/a,Malaysia,160,127,Helios - Anomaly,
Modern Anomaly,Helios,2014-08-09,Chicago,Illinois,United States,684,550,Helios - Anomaly,
Modern Anomaly,Helios,2014-08-09,Galveston,Texas,United States,248.8,139,Helios - Anomaly,
Modern Anomaly,Helios,2014-08-09,Richmond,Virginia,United States,231,113.4,Helios - Anomaly,
Modern Anomaly,Helios,2014-08-23,Prague ,n/a,Czech Republic,986,856,Helios - Anomaly,
Modern Anomaly,Helios,2014-08-23,Rotterdam,n/a,Netherlands,444.4,498,Helios - Anomaly,
Modern Anomaly,Helios,2014-08-23,Manchester,England,United Kingdom,266,129.2,Helios - Anomaly,
Modern Anomaly,Helios,2014-08-23,Detroit,Michigan,United States,648.6,327,Helios - Anomaly,
Modern Anomaly,Helios,2014-08-23,Baltimore,Maryland,United States,124,230,Helios - Anomaly,
Modern Anomaly,Helios,2014-08-23,Indianapolis,Indiana,United States,128,391,Helios - Anomaly,
Modern Anomaly,Helios,2014-09-06,Minneapolis,Minnesota,United States,365,695,Helios - Anomaly,
Modern Anomaly,Helios,2014-09-06,Tulsa,Oklahoma ,United States,127,279,Helios - Anomaly,
Modern Anomaly,Helios,2014-09-06,Monterrey,Nuevo León,Mexico,108,253,Helios - Anomaly,
Modern Anomaly,Helios,2014-09-06,Bogota,Cundinamarca,Columbia,347,875,Helios - Anomaly,
Modern Anomaly,Helios,2014-09-06,Asuncion,Capital District,Paraguay,139.4,176,Helios - Anomaly,
Modern Anomaly,Helios,2014-09-06,Buenos Aires,n/a,Brazil,148,246.4,Helios - Anomaly,
Modern Anomaly,Helios,2014-09-25,London,England,United Kingdom,365,535,Helios - Anomaly,DICE Event
Modern Anomaly,Helios,2014-09-27,Munich,Bavaria,Germany,948,1544,Helios - Anomaly,
Modern Anomaly,Helios,2014-09-27,Riga,n/a,Latvia,207.6,175,Helios - Anomaly,
Modern Anomaly,Helios,2014-09-27,Gothenburg,n/a,Sweden,213.6,218,Helios - Anomaly,
Modern Anomaly,Helios,2014-09-27,Tacoma,Washington,United States,313,810,Helios - Anomaly,
Modern Anomaly,Helios,2014-09-27,Vancouver,British Columbia,Canada,187,107,Helios - Anomaly,
Modern Anomaly,Helios,2014-09-27,Sacramento,California,United States,329,104,Helios - Anomaly,
Modern Anomaly,Darsana,2014-10-18,Brussels,n/a,Belgium,571,1106.2,Darsana,
Modern Anomaly,Darsana,2014-10-18,Aarhus,n/a,Denmark,70,251.2,Darsana,
Modern Anomaly,Darsana,2014-10-18,Bern,n/a,Switzerland,176,184.6,Darsana,
Modern Anomaly,Darsana,2014-10-18,Vilnius,n/a,Lithuania,147,197,Darsana,
Modern Anomaly,Darsana,2014-10-18,Pune,Maharashtra,India,61,311,Darsana,
Modern Anomaly,Darsana,2014-10-18,Salt Lake City,Utah,United States,329,570,Darsana,
Modern Anomaly,Darsana,2014-10-18,Anchorage,Alaska,United States,134,206,Darsana,
Modern Anomaly,Darsana,2014-10-18,Honolulu,Hawaii,United States,384.4,155,Darsana,
Modern Anomaly,Darsana,2014-11-15,New Orleans,Lousisana,United States,468,318.2,Darsana,
Modern Anomaly,Darsana,2014-11-15,Oklahoma City,Oklahoma ,United States,87.2,206,Darsana,
Modern Anomaly,Darsana,2014-11-15,Santo Domingo,n/a,Dominican Republic,94,217.6,Darsana,
Modern Anomaly,Darsana,2014-11-15,Virginia Beach,Virginia,United States,157,268.6,Darsana,
Modern Anomaly,Darsana,2014-12-13,Tokyo,n/a,Japan,938,804,Darsana,
Modern Anomaly,Darsana,2014-12-13,Auckland,n/a,New Zealand,161,151,Darsana,
Modern Anomaly,Darsana,2014-12-13,Manila,n/a,Philippines,289.8,99,Darsana,
Modern Anomaly,Darsana,2014-12-13,Seoul,n/a,South Korea,39.2,315,Darsana,
Modern Anomaly,Darsana,2014-12-13,Barcelona,n/a,Spain,786,910,Darsana,
Modern Anomaly,Darsana,2014-12-13,Pretoria,n/a,South Africa,12.6,212,Darsana,
Modern Anomaly,Darsana,2014-12-13,Stuttgart,Baden-Württemberg,Germany,293,457,Darsana,
Modern Anomaly,Darsana,2014-12-13,Toulouse,Occitanie,France,157,155,Darsana,
Modern Anomaly,Darsana,2014-12-13,Charleston,South Carolina,United States,420.4,511,Darsana,
Modern Anomaly,Darsana,2014-12-13,Hartford,Connecticut,United States,135,205,Darsana,
Modern Anomaly,Darsana,2014-12-13,Rio de Janeiro,n/a,Brazil,133,211,Darsana,
Modern Anomaly,Darsana,2014-12-13,Santa Cruz,California,United States,264,191.8,Darsana,
Modern Anomaly,Shonin,2015-02-21,Florence,Tuscany,Italy,808,798,Shonin - Anomaly,
Modern Anomaly,Shonin,2015-02-21,Brno,South Moravian,Czech Republic,515,424,Shonin - Anomaly,
Modern Anomaly,Shonin,2015-02-21,Alexandria,n/a,Egypt ,0,0,Shonin - Anomaly,Cancelled due to safety concerns.
Modern Anomaly,Shonin,2015-02-21,Bilbao,Biscay,Spain,236,340,Shonin - Anomaly,
Modern Anomaly,Shonin,2015-02-21,Austin,Texas,United States,1390,342,Shonin - Anomaly,
Modern Anomaly,Shonin,2015-02-21,Atlanta,Georgia,United States,678,282,Shonin - Anomaly,
Modern Anomaly,Shonin,2015-02-21,Las Vegas,Nevada,United States,390,440,Shonin - Anomaly,
Modern Anomaly,Shonin,2015-02-21,Medellin,Antioquia,Colombia ,68,566,Shonin - Anomaly,
Modern Anomaly,Shonin,2015-03-28,Kyoto,n/a,Japan,4214,1198,Shonin - Anomaly,
Modern Anomaly,Shonin,2015-03-28,Adelaide,South Australia,Australia,344,646,Shonin - Anomaly,
Modern Anomaly,Shonin,2015-03-28,Christchurch,n/a,New Zealand,191,1017,Shonin - Anomaly,
Modern Anomaly,Shonin,2015-03-28,Guangzhou,Guangdong Province,China,63,420,Shonin - Anomaly,
Modern Anomaly,Shonin,2015-03-28,Hanover,Hanover Region,Germany,1018,4674,Shonin - Anomaly,
Modern Anomaly,Shonin,2015-03-28,Cardiff,n/a,Wales,205,371,Shonin - Anomaly,
Modern Anomaly,Shonin,2015-03-28,Reykjavik,Capital Region,Iceland,248,1653,Shonin - Anomaly,
Modern Anomaly,Shonin,2015-03-28,Yekaterinburg,Sverdlovsk Oblast,Russia,378,95,Shonin - Anomaly,
Modern Anomaly,Shonin,2015-03-28,Pasadena,California ,United States,1546,226,Shonin - Anomaly,
Modern Anomaly,Shonin,2015-03-28,Denver,Colorado,United States,410,306,Shonin - Anomaly,
Modern Anomaly,Shonin,2015-03-28,Lima,Lima,Peru,44,568,Shonin - Anomaly,
Modern Anomaly,Shonin,2015-03-28,Orlando,Florida,United States,362,152,Shonin - Anomaly,
Modern Anomaly,Persepolis,2015-05-30,Bratislava,n/a,Slovakia,1790,4992,Persepolis - Anomaly,
Modern Anomaly,Persepolis,2015-05-30,Bari,Apulia,Italy,438,157,Persepolis - Anomaly,
Modern Anomaly,Persepolis,2015-05-30,Covilhã,Centro,Portugal,392,624,Persepolis - Anomaly,
Modern Anomaly,Persepolis,2015-05-30,Thessaloniki,Central Macedonia,Greece,486,108,Persepolis - Anomaly,
Modern Anomaly,Persepolis,2015-05-30,Washington,DC,United States,1432,956,Persepolis - Anomaly,
Modern Anomaly,Persepolis,2015-05-30,Phoenix,Arizona,United States,570,184,Persepolis - Anomaly,
Modern Anomaly,Persepolis,2015-05-30,Toronto,Ontario,Canada,586,608,Persepolis - Anomaly,
Modern Anomaly,Persepolis,2015-05-30,Buenos Aires,n/a,Argentina,285,303,Persepolis - Anomaly,
Modern Anomaly,Persepolis,2015-06-20,Sendai,Tohoku,Japan,2524,1358,Persepolis - Anomaly,
Modern Anomaly,Persepolis,2015-06-20,Jakarta,Jakarta,Indonesia,410,239,Persepolis - Anomaly,
Modern Anomaly,Persepolis,2015-06-20,Perth,Western Australia,Australia,590,116,Persepolis - Anomaly,
Modern Anomaly,Persepolis,2015-06-20,Kathmandu,n/a,Nepal,0,0,Persepolis - Anomaly,Event was cancelled
Modern Anomaly,Persepolis,2015-06-20,Utrecht,Utrecht,Netherlands,1498,4240,Persepolis - Anomaly,
Modern Anomaly,Persepolis,2015-06-20,Liverpool,England,United Kingdom,904,375,Persepolis - Anomaly,
Modern Anomaly,Persepolis,2015-06-20,Poznan,n/a,Poland,714,1092,Persepolis - Anomaly,
Modern Anomaly,Persepolis,2015-06-20,Helsinki,n/a,Finland,511,402,Persepolis - Anomaly,
Modern Anomaly,Persepolis,2015-06-20,Portland,Oregon,United States,1376,844,Persepolis - Anomaly,
Modern Anomaly,Persepolis,2015-06-20,Milwaukee,Wisconsin,United States,335,1476,Persepolis - Anomaly,
Modern Anomaly,Persepolis,2015-06-20,Nashville,Tennessee,United States,578,640,Persepolis - Anomaly,
Modern Anomaly,Persepolis,2015-06-20,Fort Collins,Colorado,United States,952,136,Persepolis - Anomaly,
Modern Anomaly,Abaddon,2015-10-10,Boston,Massachusetts,United States,18,15,Abaddon,
Modern Anomaly,Abaddon,2015-10-10,Houston,Texas,United States,12,13,Abaddon,
Modern Anomaly,Abaddon,2015-10-24,Zurich,Zurich,Switzerland,2,46,Abaddon,
Modern Anomaly,Abaddon,2015-10-24,London,England,United Kingdom,18,24,Abaddon,
Modern Anomaly,Abaddon,2015-11-14,Taipei,n/a,Taiwan,7898,3329,Abaddon,
Modern Anomaly,Abaddon,2015-11-14,Bangkok,n/a,Thailand,849,202,Abaddon,
Modern Anomaly,Abaddon,2015-11-14,Manila,n/a,Philippines,690,151,Abaddon,
Modern Anomaly,Abaddon,2015-11-14,Sydney,New South Wales,Australia,961,436,Abaddon,
Modern Anomaly,Abaddon,2015-11-14,Hamburg,n/a,Germany,2334,7698,Abaddon,
Modern Anomaly,Abaddon,2015-11-14,Zagreb,n/a,Croatia,354,392,Abaddon,
Modern Anomaly,Abaddon,2015-11-14,Seville,Andalusia ,Spain,874,470,Abaddon,
Modern Anomaly,Abaddon,2015-11-14,Edinburgh,Scotland,United Kingdom,641,378,Abaddon,
Modern Anomaly,Abaddon,2015-11-14,New Orleans,Louisiana,United States,2788,2335,Abaddon,
Modern Anomaly,Abaddon,2015-11-14,Charlotte,North Carolina,United States,1061,488,Abaddon,
Modern Anomaly,Abaddon,2015-11-14,Pittsburgh,Pennsylvania ,United States,449,344,Abaddon,
Modern Anomaly,Abaddon,2015-11-14,Guatemala City,n/a,Guatemala,179,356,Abaddon,
Modern Anomaly,Abaddon,2015-12-12,Okinawa,Okinawa,Japan,7644,3879,Abaddon,
Modern Anomaly,Abaddon,2015-12-12,Seoul,n/a,South Korea,240,490,Abaddon,
Modern Anomaly,Abaddon,2015-12-12,Singapore,n/a,Singapore,271,288,Abaddon,
Modern Anomaly,Abaddon,2015-12-12,Wellington,Wellington,New Zealand,401,570,Abaddon,
Modern Anomaly,Abaddon,2015-12-12,Milan,Lombardy,Italy,2174,3058,Abaddon,
Modern Anomaly,Abaddon,2015-12-12,Gdansk,Pomeranian ,Poland,442,1039,Abaddon,
Modern Anomaly,Abaddon,2015-12-12,Porto,Porto,Portugal,228,852,Abaddon,
Modern Anomaly,Abaddon,2015-12-12,Sofia,Sofia City,Bulgaria,448,318,Abaddon,
Modern Anomaly,Abaddon,2015-12-12,Oakland,California,United States,3652,1392,Abaddon,
Modern Anomaly,Abaddon,2015-12-12,Phoenix,Arizona,United States,2054,358,Abaddon,
Modern Anomaly,Abaddon,2015-12-12,Forth Worth,Texas,United States,400,238,Abaddon,
Modern Anomaly,Abaddon,2015-12-12,Lima,Lima,Peru,158,627,Abaddon,
Modern Anomaly,Obsidian,2016-02-04,Hamamatsu,n/a,Japan,7482,3100,Obsidian,
Modern Anomaly,Obsidian,2016-02-04,Madrid,n/a,Spain,846,1741,Obsidian,
Modern Anomaly,Obsidian,2016-02-04,Rio de Janeiro,n/a,Brazil,1200,2400,Obsidian,
Modern Anomaly,Obsidian,2016-02-04,Milwaukee,Wisconsin,United States,444,1566,Obsidian,
Modern Anomaly,Obsidian,2016-02-04,Seattle,Washington,United States,5800,1200,Obsidian,
Modern Anomaly,Obsidian,2016-02-27,Colombo,n/a,Sri Lanka,426,240,Obsidian,
Modern Anomaly,Obsidian,2016-02-27,Hong Kong,n/a,China,300,4200,Obsidian,
Modern Anomaly,Obsidian,2016-02-27,Copenhagen,n/a,Denmark,1974,1344,Obsidian,
Modern Anomaly,Obsidian,2016-02-27,Vienna,n/a,Austria,325,3640,Obsidian,
Modern Anomaly,Obsidian,2016-02-27,Tucson,Arizona,United States,2112,624,Obsidian,
Modern Anomaly,Obsidian,2016-02-27,San Antonio,Texas,United States,1056,736,Obsidian,
Modern Anomaly,Obsidian,2016-02-27,Orlando,Florida,United States,5000,200,Obsidian,
Modern Anomaly,Obsidian,2016-02-27,Mexico City,n/a,Mexico,660,750,Obsidian,
Modern Anomaly,Aegis Nova,2016-05-28,Tainan,n/a,Taiwan,2488,2414,Aegis Nova,
Modern Anomaly,Aegis Nova,2016-05-28,Chiang Mai,n/a,Thailand,208,101,Aegis Nova,
Modern Anomaly,Aegis Nova,2016-05-28,Manila,n/a,Philippines,324,77,Aegis Nova,
Modern Anomaly,Aegis Nova,2016-05-28,Rotterdam,n/a,Netherlands,1508,3179,Aegis Nova,
Modern Anomaly,Aegis Nova,2016-05-28,Padova,n/a,Italy,830,1105,Aegis Nova,
Modern Anomaly,Aegis Nova,2016-05-28,Cape Town,n/a,South Africa,259,125,Aegis Nova,
Modern Anomaly,Aegis Nova,2016-05-28,Brooklyn,New York,United States,1911,1483,Aegis Nova,
Modern Anomaly,Aegis Nova,2016-05-28,Savannah,Georgia,United States,1115,165,Aegis Nova,
Modern Anomaly,Aegis Nova,2016-05-28,Saint Paul,Minnesota,United States,300,1063,Aegis Nova,
Modern Anomaly,Aegis Nova,2016-06-25,Sydney,New South Wales,Australia,1106,446,Aegis Nova,
Modern Anomaly,Aegis Nova,2016-06-25,Hyderabad,n/a,India,231,246,Aegis Nova,
Modern Anomaly,Aegis Nova,2016-06-25,Kuala Lumpur,n/a,Malaysia,461,355,Aegis Nova,
Modern Anomaly,Aegis Nova,2016-06-25,Moscow,n/a,Russia,2783,1125,Aegis Nova,
Modern Anomaly,Aegis Nova,2016-06-25,Dublin,n/a,Ireland,308,752,Aegis Nova,
Modern Anomaly,Aegis Nova,2016-06-25,Nice,n/a,France,758,908,Aegis Nova,
Modern Anomaly,Aegis Nova,2016-06-25,San Diego,California,United States,2588,518,Aegis Nova,
Modern Anomaly,Aegis Nova,2016-06-25,Calgary,n/a,Canada,455,384,Aegis Nova,
Modern Anomaly,Aegis Nova,2016-06-25,Salt Lake City,Utah,United States,699,603,Aegis Nova,
Modern Anomaly,Aegis Nova,2016-06-25,Tokyo,n/a,Japan,8581,5733,Aegis Nova,
Modern Anomaly,Via Lux,2016-07-26,Wroclaw,n/a,Poland,1426,1624,Via Lux,
Modern Anomaly,Via Lux,2016-07-26,Birmingham,England,United Kingdom,515,630,Via Lux,
Modern Anomaly,Via Lux,2016-07-26,Turku,n/a,Finland,415,479,Via Lux,
Modern Anomaly,Via Lux,2016-07-26,Denver,Colorado,United States,1144,527,Via Lux,
Modern Anomaly,Via Lux,2016-07-26,Portland,Maine,United States,634,294,Via Lux,
Modern Anomaly,Via Lux,2016-07-26,San Jose,n/a,Costa Rica,303,49,Via Lux,
Modern Anomaly,Via Lux,2016-09-24,Setouchi,n/a,Japan,3403,1227,Via Lux,
Modern Anomaly,Via Lux,2016-09-24,Singapore,n/a,Singapore,365,1796,Via Lux,
Modern Anomaly,Via Lux,2016-09-24,Macau,n/a,China,516,1227,Via Lux,
Modern Anomaly,Via Lux,2016-09-24,Mumbai,n/a,India,306,358,Via Lux,
Modern Anomaly,Via Lux,2016-09-24,Cologne,n/a,Germany,1890,2845,Via Lux,
Modern Anomaly,Via Lux,2016-09-24,Granada,n/a,Spain,115,544,Via Lux,
Modern Anomaly,Via Lux,2016-09-24,Budapest,n/a,Hungary,791,803,Via Lux,
Modern Anomaly,Via Lux,2016-09-24,Toronto,n/a,Canada,1024,480,Via Lux,
Modern Anomaly,Via Lux,2016-09-24,Santiago,n/a,Chile,689,196,Via Lux,
Modern Anomaly,Via Lux,2016-09-24,St Louis,Missouri,United States,821,622,Via Lux,
Modern Anomaly,Via Noir,2016-11-12,Seoul,n/a,South Korea,2340,1432,Via Noir,
Modern Anomaly,Via Noir,2016-11-12,Melbourne,Victoria,Australia,1040,662,Via Noir,
Modern Anomaly,Via Noir,2016-11-12,Surabaya,n/a,Indonesia,657,925,Via Noir,
Modern Anomaly,Via Noir,2016-11-12,Rome,n/a,Italy,1918,2486,Via Noir,
Modern Anomaly,Via Noir,2016-11-12,Sofia,n/a,Bulgaria,1085,641,Via Noir,
Modern Anomaly,Via Noir,2016-11-12,Vilnius,n/a,Lithuania,1271,830,Via Noir,
Modern Anomaly,Via Noir,2016-11-12,New Orleans,Louisiana,United States,804,779,Via Noir,
Modern Anomaly,Via Noir,2016-11-12,Chicago,Illinois,United States,543,1711,Via Noir,
Modern Anomaly,Via Noir,2016-11-12,Miami,Florida,United States,716,165,Via Noir,
Modern Anomaly,13MAGNUS Reawakens,2017-08-26,Brisbane,Queensland,Australia,243.56,56.44,13MAGNUS Reawakens,
Modern Anomaly,13MAGNUS Reawakens,2017-08-26,Petaling Jaya,n/a,Malaysia,225.98,74.02,13MAGNUS Reawakens,
Modern Anomaly,13MAGNUS Reawakens,2017-08-26,Macau,n/a,China,52.57,247.43,13MAGNUS Reawakens,
Modern Anomaly,13MAGNUS Reawakens,2017-08-26,Basel,n/a,Switzerland,53.21,246.79,13MAGNUS Reawakens,
Modern Anomaly,13MAGNUS Reawakens,2017-08-26,Szczecin,n/a,Poland,150,150,13MAGNUS Reawakens,
Modern Anomaly,13MAGNUS Reawakens,2017-08-26,Nantes,n/a,France,210.81,89.19,13MAGNUS Reawakens,
Modern Anomaly,13MAGNUS Reawakens,2017-08-26,Ann Arbor,Michigan,United States,115.3,184.7,13MAGNUS Reawakens,
Modern Anomaly,13MAGNUS Reawakens,2017-08-26,Nashville,Tennessee,United States,273.2,26.8,13MAGNUS Reawakens,
Modern Anomaly,13MAGNUS Reawakens,2017-08-26,Portland,Oregon,United States,241.83,58.17,13MAGNUS Reawakens,
Modern Anomaly,13MAGNUS Reawakens,2017-09-23,Seoul,n/a,South Korea,235.96,64.04,13MAGNUS Reawakens,
Modern Anomaly,13MAGNUS Reawakens,2017-09-23,Galle,n/a,Sri Lanka,220.85,79.15,13MAGNUS Reawakens,
Modern Anomaly,13MAGNUS Reawakens,2017-09-23,Bali,n/a,Indonesia,89.47,210.53,13MAGNUS Reawakens,
Modern Anomaly,13MAGNUS Reawakens,2017-09-23,Stockholm,n/a,Sweden,56.98,243.03,13MAGNUS Reawakens,
Modern Anomaly,13MAGNUS Reawakens,2017-09-23,Ljubljana,n/a,Slovenia,71.45,228.55,13MAGNUS Reawakens,
Modern Anomaly,13MAGNUS Reawakens,2017-09-23,Turin,n/a,Italy,126.15,173.85,13MAGNUS Reawakens,
Modern Anomaly,13MAGNUS Reawakens,2017-09-23,Washington DC,Washington DC,United States,229.82,70.18,13MAGNUS Reawakens,
Modern Anomaly,13MAGNUS Reawakens,2017-09-23,Belo Horizonte,n/a,Brazil,178.55,121.45,13MAGNUS Reawakens,
Modern Anomaly,13MAGNUS Reawakens,2017-09-23,Kansas City,Missouri,United States,199.26,100.74,13MAGNUS Reawakens,
Modern Anomaly,EXO5,2017-11-04,Osaka,n/a,Japan,199.56,100.44,EXO5,
Modern Anomaly,EXO5,2017-11-04,Chennai,n/a,India,98.37,201.63,EXO5,
Modern Anomaly,EXO5,2017-11-04,Cebu City,n/a,Philippines,277.21,22.79,EXO5,
Modern Anomaly,EXO5,2017-11-04,Berlin,n/a,Germany,86.47,213.53,EXO5,
Modern Anomaly,EXO5,2017-11-04,Belfast,Northern Ireland,United Kingdom,48.97,251.03,EXO5,
Modern Anomaly,EXO5,2017-11-04,Zagreb,n/a,Croatia,112.72,187.28,EXO5,
Modern Anomaly,EXO5,2017-11-04,Boulder,Colorado,United States,246.82,53.18,EXO5,
Modern Anomaly,EXO5,2017-11-04,Panama City,n/a,Panama,218.48,81.52,EXO5,
Modern Anomaly,EXO5,2017-11-04,Houston,Texas,United States,64.5,35.5,EXO5,
Modern Anomaly,EXO5,2017-12-02,Taipei,n/a,Taiwan,213.77,86.23,EXO5,
Modern Anomaly,EXO5,2017-12-02,Bandar Seri Begawan,n/a,Brunei,45,255,EXO5,
Modern Anomaly,EXO5,2017-12-02,Perth,Western Australia,Australia,273.1,26.9,EXO5,
Modern Anomaly,EXO5,2017-12-02,Tallinn,n/a,Estonia,91.12,208.88,EXO5,
Modern Anomaly,EXO5,2017-12-02,Bruges,n/a,Belgium,178.64,121.36,EXO5,
Modern Anomaly,EXO5,2017-12-02,Madrid,n/a,Spain,78.84,221.16,EXO5,
Modern Anomaly,EXO5,2017-12-02,San Francisco,California,United States,268.56,31.44,EXO5,
Modern Anomaly,EXO5,2017-12-02,Honolulu,Hawaii,United States,127.43,172.57,EXO5,
Other,DarkXM,2018-04-07,Fukuoka,n/a,Japan,194,46,DarkXM,
Modern Anomaly,Cassandra Prime,2018-07-28,Sapporo,n/a,Japan,276.07,123.93,Cassandra Prime,
Modern Anomaly,Cassandra Prime,2018-07-28,Malé,n/a,Maldives,266.46,83.54,Cassandra Prime,
Modern Anomaly,Cassandra Prime,2018-07-28,Warsaw,n/a,Poland,184.26,215.75,Cassandra Prime,
Modern Anomaly,Cassandra Prime,2018-07-28,Marseille,n/a,France,115.31,234.69,Cassandra Prime,
Modern Anomaly,Cassandra Prime,2018-07-28,San Diego,California,United States,313.66,86.34,Cassandra Prime,
Modern Anomaly,Cassandra Prime,2018-07-28,Boston,Massachusetts,United States,266.79,83.21,Cassandra Prime,
Modern Anomaly,Cassandra Prime,2018-08-25,Singapore,n/a,Singapore,152.81,247.19,Cassandra Prime,
Modern Anomaly,Cassandra Prime,2018-08-25,Incheon,n/a,South Korea,284.96,65.04,Cassandra Prime,
Modern Anomaly,Cassandra Prime,2018-08-25,Linz,n/a,Austria,131.45,268.55,Cassandra Prime,
Modern Anomaly,Cassandra Prime,2018-08-25,Riga,n/a,Latvia,184.78,165.22,Cassandra Prime,
Modern Anomaly,Cassandra Prime,2018-08-25,Philadelphia,Pennsylvania,United States,265.02,134.99,Cassandra Prime,
Modern Anomaly,Cassandra Prime,2018-08-25,Vancouver,n/a,Canada,298.98,51.02,Cassandra Prime,
Modern Anomaly,Cassandra Prime,2018-10-20,Taichung,n/a,Taiwan,267.4,65.6,Recursion Prime,
Modern Anomaly,Cassandra Prime,2018-10-20,Canberra,Australian Capital Territory,Australia,227.58,105.42,Recursion Prime,
Modern Anomaly,Cassandra Prime,2018-10-20,Bangkok,n/a,Thailand,239.67,93.33,Recursion Prime,
Modern Anomaly,Cassandra Prime,2018-10-20,Brno,n/a,Czech Republic,130.01,202.99,Recursion Prime,
Modern Anomaly,Cassandra Prime,2018-10-20,Palma de Mallorca,n/a,Spain,133.24,199.76,Recursion Prime,
Modern Anomaly,Cassandra Prime,2018-10-20,Frankfurt,n/a,Germany,112.21,220.79,Recursion Prime,
Modern Anomaly,Cassandra Prime,2018-10-20,Phoenix,Arizona,United States,238.41,94.59,Recursion Prime,
Modern Anomaly,Cassandra Prime,2018-10-20,Minneapolis,Minnesota,United States,242.1,90.9,Recursion Prime,
Modern Anomaly,Cassandra Prime,2018-10-20,Mexico City,n/a,Mexico,210.16,122.84,Recursion Prime,
Modern Anomaly,Cassandra Prime,2018-11-17,Hong Kong,n/a,China,129.02,236.98,Recursion Prime,
Modern Anomaly,Cassandra Prime,2018-11-17,Yogyakarta,n/a,Indonesia,136.2,196.8,Recursion Prime,
Modern Anomaly,Cassandra Prime,2018-11-17,Barcelona,n/a,Spain,182.92,183.08,Recursion Prime,
Modern Anomaly,Cassandra Prime,2018-11-17,Bucharest,n/a,Romania,225.29,107.71,Recursion Prime,
Modern Anomaly,Cassandra Prime,2018-11-17,Austin,Texas,United States,258.65,107.35,Recursion Prime,
Modern Anomaly,Cassandra Prime,2018-11-17,Salt Lake City,Utah,United States,120.65,212.35,Recursion Prime,
Modern Anomaly,Darsana Prime,2019-02-23,Auckland,n/a,New Zealand,174.45,200.55,Darsana Prime,
Modern Anomaly,Darsana Prime,2019-02-23,Quezon City,n/a,Philippines,269.85,105.15,Darsana Prime,
Modern Anomaly,Darsana Prime,2019-02-23,Pune,n/a,India,1.55,373.45,Darsana Prime,
Modern Anomaly,Darsana Prime,2019-02-23,Lisbon,n/a,Portugal,172.19,202.81,Darsana Prime,
Modern Anomaly,Darsana Prime,2019-02-23,Athens,n/a,Greece,240.28,134.72,Darsana Prime,
Modern Anomaly,Darsana Prime,2019-02-23,Genoa,n/a,Italy,203.58,171.42,Darsana Prime,
Modern Anomaly,Darsana Prime,2019-02-23,Asuncion,n/a,Paraguay,251.3,123.7,Darsana Prime,
Modern Anomaly,Darsana Prime,2019-02-23,New Orleans,Louisiana,United States,230.81,144.19,Darsana Prime,
Modern Anomaly,Darsana Prime,2019-02-23,Albuquerque,New Mexico,United States,116.74,258.26,Darsana Prime,
Modern Anomaly,Darsana Prime,2019-03-23,Tokyo,n/a,Japan,301.09,73.91,Darsana Prime,
Modern Anomaly,Darsana Prime,2019-03-23,Ho Chi Minh City,n/a,Vietnam,175.24,199.76,Darsana Prime,
Modern Anomaly,Darsana Prime,2019-03-23,Nuremberg,n/a,Germany,196.14,178.86,Darsana Prime,
Modern Anomaly,Darsana Prime,2019-03-23,Bristol,England,United Kingdom,227.76,147.24,Darsana Prime,
Modern Anomaly,Darsana Prime,2019-03-23,Atlanta,Georgia,United States,351.1,23.9,Darsana Prime,
Modern Anomaly,Darsana Prime,2019-03-23,Las Vegas,Nevada,United States,217.28,157.72,Darsana Prime,
Modern Anomaly,Abaddon Prime,2019-05-11,Kaohsiung,n/a,Taiwan,212.07,152.93,Abaddon Prime,
Modern Anomaly,Abaddon Prime,2019-05-12,Amsterdam,n/a,Netherlands,160.07,204.93,Abaddon Prime,
Modern Anomaly,Abaddon Prime,2019-05-25,Chicago,Illinois,United States,180.99,184.01,Abaddon Prime,
Modern Anomaly,Nemesis: Myriad,2019-07-27,Bandung,n/a,Indonesia,160.75,79.25,Nemesis: Myriad,
Modern Anomaly,Nemesis: Myriad,2019-07-27,Busan,n/a,Korea,167.51,72.49,Nemesis: Myriad,
Modern Anomaly,Nemesis: Myriad,2019-07-27,Helsinki,n/a,Finland,93.99,146.01,Nemesis: Myriad,
Modern Anomaly,Nemesis: Myriad,2019-07-27,Kaunas,n/a,Lithuania,143.39,96.61,Nemesis: Myriad,
Modern Anomaly,Nemesis: Myriad,2019-07-27,Lyon,n/a,France,135.06,104.94,Nemesis: Myriad,
Modern Anomaly,Nemesis: Myriad,2019-07-27,Madison,Wisconsin,United States,83.46,156.54,Nemesis: Myriad,
Modern Anomaly,Nemesis: Myriad,2019-07-27,Montreal,n/a,Canada,146.75,93.25,Nemesis: Myriad,
Modern Anomaly,Nemesis: Myriad,2019-07-27,Brasilia,n/a,Brazil,116.42,123.58,Nemesis: Myriad,
Modern Anomaly,Nemesis: Umbra,2019-10-12,Newcastle,New South Wales,Australia,59.68,40.32,Nemesis: Umbra,
Modern Anomaly,Nemesis: Umbra,2019-10-12,Sabah,n/a,Malaysia,91.15,8.85,Nemesis: Umbra,
Modern Anomaly,Nemesis: Umbra,2019-10-12,Taoyuan,n/a,Taiwan,71.18,28.82,Nemesis: Umbra,
Modern Anomaly,Nemesis: Umbra,2019-10-12,Antwerp,n/a,Belgium,72.53,27.47,Nemesis: Umbra,
Modern Anomaly,Nemesis: Umbra,2019-10-12,Dresden,n/a,Germany,40.66,59.34,Nemesis: Umbra,
Modern Anomaly,Nemesis: Umbra,2019-10-12,Gothenburg,n/a,Sweden,42.09,57.91,Nemesis: Umbra,
Modern Anomaly,Nemesis: Umbra,2019-10-12,Guadalajara,n/a,Mexico,49.82,40.18,Nemesis: Umbra,
Modern Anomaly,Nemesis: Umbra,2019-10-12,Brooklyn,New York,United States,78.37,21.63,Nemesis: Umbra,
Modern Anomaly,Nemesis: Umbra,2019-10-12,Sacramento,California,United States,62.78,27.22,Nemesis: Umbra,
Modern Anomaly,Superposition,2022-07-30,Munich,n/a,Germany,92,134,Superposition,
Modern Anomaly,Superposition,2022-08-02,AF09-SIERRA-00,n/a,Spain,"425,328","-3,178",Superposition,
Modern Anomaly,Superposition,2022-08-02,AF13-SIERRA-00,n/a,Greece,"187,609","350,196",Superposition,
Modern Anomaly,Superposition,2022-08-02,AF14-CHARLIE-02,n/a,South Africa,"651,008",0,Superposition,
Modern Anomaly,Superposition,2022-08-02,AM01-FOXTROT-06,Colorado,United States,"723,296","135,658",Superposition,
Modern Anomaly,Superposition,2022-08-02,AM03-KILO-03,Florida,United States,"2,960,003","-2,471",Superposition,
Modern Anomaly,Superposition,2022-08-02,AM10-LIMA-06,n/a,Peru,"-540,526","100,358",Superposition,
Modern Anomaly,Superposition,2022-08-02,AM16-MIKE-12,n/a,Chile,"-36,767","578,737",Superposition,
Modern Anomaly,Superposition,2022-08-02,AS09-LIMA-06,n/a,Malaysia,"1,287,611","1,112,940",Superposition,
Modern Anomaly,Superposition,2022-08-02,AS15-SIERRA-05,Kagoshima Prefecture,Japan,"1,948,754","35,571",Superposition,
Modern Anomaly,Superposition,2022-08-02,NR01-GOLF-03,n/a,Italy,"20,250,296","-322,253",Superposition,
Modern Anomaly,Superposition,2022-08-02,NR02-JULIET-12,England,United Kingdom,"3,077,201","307,891",Superposition,
Modern Anomaly,Superposition,2022-08-02,NR12-ROMEO-15,n/a,Canada,"244,245","8,206",Superposition,
Modern Anomaly,Superposition,2022-08-02,ST01-PAPA-03,Tasmania,Australia,"-2,344","5,338",Superposition,
Modern Anomaly,Superposition,2022-08-28,Beppu,Oita,Japan,24,2,Superposition,
Modern Anomaly,Superposition,2022-08-28,Dallas,Texas,United States,20,6,Superposition,
Modern Anomaly,Superposition,2022-08-28,Merida,Yucatan,Mexico,4,22,Superposition,
Modern Anomaly,Superposition,2022-08-28,Otaru,Hokkaido,Japan,13,13,Superposition,
Modern Anomaly,Superposition,2022-08-28,Puebla,n/a,Mexico,8,17,Superposition,
Modern Anomaly,Superposition,2022-08-28,Rochester,New York,United States,23,3,Superposition,
Modern Anomaly,Superposition,2022-08-28,Salvador,n/a,Brasil,0,26,Superposition,
Modern Anomaly,Superposition,2022-08-28,Santa Cruz,n/a,Bolivia,10,13,Superposition,
Modern Anomaly,Superposition,2022-08-28,Sevilla,n/a,Spain,19,7,Superposition,
Modern Anomaly,Superposition,2022-08-28,Warsaw,n/a,Poland,12,14,Superposition,
Modern Anomaly,Superposition,2022-08-31,AF14-PAPA-12,n/a,Egypt,"16,872,507","734,543",Superposition,
Modern Anomaly,Superposition,2022-08-31,AM01-CHARLIE-07,California,United States,"11,923,211","-73,168",Superposition,
Modern Anomaly,Superposition,2022-08-31,AM15-PAPA-01,n/a,Argentina,"264,406","3,152,949",Superposition,
Modern Anomaly,Superposition,2022-08-31,AS02-NOVEMBER-09,Western Australia,Australia,"-31,083","12,198,517",Superposition,
Modern Anomaly,Superposition,2022-08-31,AS12-FOXTROT-05,n/a,India,"-617,604","33,470,862",Superposition,
Modern Anomaly,Superposition,2022-08-31,AS12-PAPA-11,n/a,Philippines,"12,593,597","-55,592",Superposition,
Modern Anomaly,Superposition,2022-08-31,AS13-PAPA-04,n/a,Taiwan,"6,251,740","-148,389",Superposition,
Modern Anomaly,Superposition,2022-08-31,AS16-ROMEO-13,n/a,South Korea,"-1,093,349","66,376,838",Superposition,
Modern Anomaly,Superposition,2022-08-31,NR01-GOLF-08,n/a,Switzerland,"1,420,725","1,867,752",Superposition,
Modern Anomaly,Superposition,2022-08-31,NR02-FOXTROT-05,n/a,Czechia,"-25,626","2,877,960",Superposition,
Modern Anomaly,Superposition,2022-08-31,NR02-HOTEL-02,n/a,Netherlands,"8,679","1,133,876",Superposition,
Modern Anomaly,Superposition,2022-08-31,NR03-GOLF-06,n/a,Denmark,"57,685","4,146,723",Superposition,
Modern Anomaly,Superposition,2022-08-31,PA01-ALPHA-15,n/a,Japan,"4,239,370","-39,231",Superposition,
Modern Anomaly,Kythera,2022-04-17,Hobart,Tasmania,Australia,5,8,Kythera,
Modern Anomaly,Kythera,2022-04-17,Wellington,Wellington,New Zealand,12,1,Kythera,
Modern Anomaly,Kythera,2022-04-17,Melbourne,Victoria,Australia,2,11,Kythera,
Modern Anomaly,Kythera,2022-04-17,Concepción,Bío-Bío,Chile,8,5,Kythera,
Modern Anomaly,Kythera,2022-04-17,Merlo,Buenos Aires,Argentina,10,3,Kythera,
Modern Anomaly,Kythera,2022-04-17,Sydney,New South Wales,Australia,9,4,Kythera,
Modern Anomaly,Kythera,2022-04-17,São Paulo,São Paulo,Brazil,0,13,Kythera,
Modern Anomaly,Kythera,2022-04-17,Rio de Janeiro,Rio de Janeiro,Brazil,0,13,Kythera,
Modern Anomaly,Kythera,2022-04-17,Vitória,Espírito Santo,Brazil,13,0,Kythera,
Modern Anomaly,Kythera,2022-04-17,Pape'ete,Îles du Vent,French Polynesia,1,12,Kythera,
Modern Anomaly,Kythera,2022-04-17,San Juan de Lurigancho,Lima Province,Peru,2,11,Kythera,
Modern Anomaly,Kythera,2022-04-17,Chimbote,Ancash,Peru,1,12,Kythera,
Modern Anomaly,Kythera,2022-04-17,Trujillo,La Libertad,Peru,10,3,Kythera,
Modern Anomaly,Kythera,2022-04-17,Chiclayo,Lambayeque,Peru,6,7,Kythera,
Modern Anomaly,Kythera,2022-04-17,Gondangdia,Jakarta Raya,Indonesia,7,6,Kythera,
Modern Anomaly,Kythera,2022-04-17,Piura,Piura,Peru,8,5,Kythera,
Modern Anomaly,Kythera,2022-04-17,Iquitos,Loreto,Peru,13,0,Kythera,
Modern Anomaly,Kythera,2022-04-17,Guayaquil,Guayas,Ecuador,2,11,Kythera,
Modern Anomaly,Kythera,2022-04-17,,Central,Singapore,2,11,Kythera,
Modern Anomaly,Kythera,2022-04-17,Kuala Lumpur,Kuala Lumpur,Malaysia,8,5,Kythera,
Modern Anomaly,Kythera,2022-04-17,Prawet,Bangkok Metropolis,Thailand,5,8,Kythera,
Modern Anomaly,Kythera,2022-04-17,San Salvador,San Salvador,El Salvador,13,0,Kythera,
Modern Anomaly,Kythera,2022-04-17,Mérida,Yucatán,México,1,12,Kythera,
Modern Anomaly,Kythera,2022-04-17,Tainan,Tainan,Taiwan,12,1,Kythera,
Modern Anomaly,Kythera,2022-04-17,New Taipei,New Taipei,Taiwan,12,1,Kythera,
Modern Anomaly,Kythera,2022-04-17,Taipei,Taipei,Taiwan,13,0,Kythera,
Modern Anomaly,Kythera,2022-04-17,Naha,Okinawa,Japan,12,1,Kythera,
Modern Anomaly,Kythera,2022-04-17,Williamson,Texas,United States,4,9,Kythera,
Modern Anomaly,Kythera,2022-04-17,Kagoshima,Kagoshima,Japan,2,11,Kythera,
Modern Anomaly,Kythera,2022-04-17,Nagasaki,Naoasaki,Japan,10,3,Kythera,
Modern Anomaly,Kythera,2022-04-17,San Diego,California,United States,13,0,Kythera,
Modern Anomaly,Kythera,2022-04-17,Fukuoka,Fukuoka,Japan,11,2,Kythera,
Modern Anomaly,Kythera,2022-04-17,Los Angeles,California,United States,13,0,Kythera,
Modern Anomaly,Kythera,2022-04-17,Takamatsu,Kagawa,Japan,10,3,Kythera,
Modern Anomaly,Kythera,2022-04-17,Hiroshima,Hiroshima,Japan,10,3,Kythera,
Modern Anomaly,Kythera,2022-04-17,Okayama,Okayama,Japan,9,4,Kythera,
Modern Anomaly,Kythera,2022-04-17,Nagoya,Aichi,Japan,10,3,Kythera,
Modern Anomaly,Kythera,2022-04-17,Sevier,Tennessee,United States,11,2,Kythera,
Modern Anomaly,Kythera,2022-04-17,Clark,Nevada,United States,6,7,Kythera,
Modern Anomaly,Kythera,2022-04-17,Pungdeokcheon2,Gyeonggi-do,South Korea,5,8,Kythera,
Modern Anomaly,Kythera,2022-04-17,San Francisco,California,United States,10,3,Kythera,
Modern Anomaly,Kythera,2022-04-17,San Francisco,California,United States,13,0,Kythera,
Modern Anomaly,Kythera,2022-04-17,Sendai,Miyagi,Japan,12,1,Kythera,
Modern Anomaly,Kythera,2022-04-17,Placer,California,United States,13,0,Kythera,
Modern Anomaly,Kythera,2022-04-17,Arlington,Virginia,United States,13,0,Kythera,
Modern Anomaly,Kythera,2022-04-17,Philadelphia,Pennsylvania,United States,13,0,Kythera,
Modern Anomaly,Kythera,2022-04-17,Madrid,Comunidad de Madrid,Spain,13,0,Kythera,
Modern Anomaly,Kythera,2022-04-17,Cedofeita,Porto,Portugal,1,12,Kythera,
Modern Anomaly,Kythera,2022-04-17,Barcelona,Cataluña,Spain,8,5,Kythera,
Modern Anomaly,Kythera,2022-04-17,Zaragoza,Aragón,Spain,3,10,Kythera,
Modern Anomaly,Kythera,2022-04-17,Girona,Cataluña,Spain,11,2,Kythera,
Modern Anomaly,Kythera,2022-04-17,Middlesex,Massachusetts,United States,13,0,Kythera,
Modern Anomaly,Kythera,2022-04-17,Sapporo,Hokkaido,Japan,7,6,Kythera,
Modern Anomaly,Kythera,2022-04-17,Toronto,Ontario,Canada,13,0,Kythera,
Modern Anomaly,Kythera,2022-04-17,Municipiul Bucuresti,Bucharest,Romania,13,0,Kythera,
Modern Anomaly,Kythera,2022-04-17,Genova,Liguria,Italy,0,13,Kythera,
Modern Anomaly,Kythera,2022-04-17,Hennepin,Minnesota,United States,11,2,Kythera,
Modern Anomaly,Kythera,2022-04-17,Milano,Lombardia,Italy,13,0,Kythera,
Modern Anomaly,Kythera,2022-04-17,Multnomah,Oregon,United States,13,0,Kythera,
Modern Anomaly,Kythera,2022-04-17,Ljubljana,Osrednjeslovenska,Slovenia,3,10,Kythera,
Modern Anomaly,Kythera,2022-04-17,Berne,Bern,Switzerland,6,7,Kythera,
Modern Anomaly,Kythera,2022-04-17,Thurston,Washington,United States,1,12,Kythera,
Modern Anomaly,Kythera,2022-04-17,Nantes,Pays de la Loire,France,13,0,Kythera,
Modern Anomaly,Kythera,2022-04-17,Budapesti,Budapest,Hungary,2,11,Kythera,
Modern Anomaly,Kythera,2022-04-17,Solesmes,Pays de la Loire,France,3,10,Kythera,
Modern Anomaly,Kythera,2022-04-17,Josefstadt,Wien,Austria,0,13,Kythera,
Modern Anomaly,Kythera,2022-04-17,Victoria,British Columbia,Canada,13,0,Kythera,
Modern Anomaly,Kythera,2022-04-17,"Paris, 13e arrondissement",Île-de-France,France,6,7,Kythera,
Modern Anomaly,Kythera,2022-04-17,Metz,Grand Est,France,13,0,Kythera,
Modern Anomaly,Kythera,2022-04-17,Brno,Jihomoravský,Czechia,11,2,Kythera,
Modern Anomaly,Kythera,2022-04-17,New Westminster,British Columbia,Canada,0,13,Kythera,
Modern Anomaly,Kythera,2022-04-17,Vancouver,British Columbia,Canada,9,4,Kythera,
Modern Anomaly,Kythera,2022-04-17,Praha 1,Prague,Czechia,2,11,Kythera,
Modern Anomaly,Kythera,2022-04-17,St David's,England,United Kingdom,0,13,Kythera,
Modern Anomaly,Kythera,2022-04-17,Wrocław,Dolnośląskie,Poland,4,9,Kythera,
Modern Anomaly,Kythera,2022-04-17,Świdnik,Lubelskie,Poland,4,9,Kythera,
Modern Anomaly,Kythera,2022-04-17,Duisburg,Nordrhein-Westfalen,Germany,3,10,Kythera,
Modern Anomaly,Kythera,2022-04-17,Bridge,England,United Kingdom,7,6,Kythera,
Modern Anomaly,Kythera,2022-04-17,Magdeburg,Sachsen-Anhalt,Germany,4,9,Kythera,
Modern Anomaly,Kythera,2022-04-17,Warszawa,Mazowieckie,Poland,8,5,Kythera,
Modern Anomaly,Kythera,2022-04-17,Poznań,Wielkopolskie,Poland,2,11,Kythera,
Modern Anomaly,Kythera,2022-04-17,Dublin City,Dublin,Ireland,1,12,Kythera,
Modern Anomaly,Kythera,2022-04-17,Hamburg,Hamburg,Germany,0,13,Kythera,
Modern Anomaly,Kythera,2022-04-17,Little London & Woodhouse,England,United Kingdom,4,9,Kythera,
Modern Anomaly,Kythera,2022-04-17,Rostock,Mecklenburg-Vorpommern,Germany,0,13,Kythera,
Modern Anomaly,Kythera,2022-04-17,Gdańsk,Pomorskie,Poland,3,10,Kythera,
Modern Anomaly,Kythera,2022-04-17,Kauno,Kauno,Lithuania,12,1,Kythera,
Modern Anomaly,Kythera,2022-04-17,Ystad,Skåne,Sweden,10,3,Kythera,
Modern Anomaly,Kythera,2022-04-17,Malmö,Skåne,Sweden,8,5,Kythera,
Modern Anomaly,Kythera,2022-04-17,Tartu,Tartu,Estonia,6,7,Kythera,
Modern Anomaly,Kythera,2022-04-17,Norrköping,Östergötland,Sweden,3,10,Kythera,
Modern Anomaly,Kythera,2022-04-17,Stockholm,Stockholm,Sweden,1,12,Kythera,
Modern Anomaly,Kythera,2022-04-17,Helsinki,Southern Finland,Finland,4,9,Kythera,
Modern Anomaly,Kythera,2022-04-17,Bergen,Hordaland,Norway,7,6,Kythera,
Modern Anomaly,Kythera,2022-04-17,Turku,Western Finland,Finland,2,11,Kythera,
Modern Anomaly,Kythera,2022-04-17,Gävle,Gävleborg,Sweden,13,0,Kythera,
Modern Anomaly,Kythera,2022-04-17,Kouvola,Southern Finland,Finland,9,4,Kythera,
Modern Anomaly,Kythera,2022-04-17,Tampere,Western Finland,Finland,1,12,Kythera,
Modern Anomaly,Kythera,2022-04-17,Seinäjoki,Western Finland,Finland,7,6,Kythera,
Modern Anomaly,Kythera,2022-05-21,Rana,Nordland,Norway,1,12,Kythera,
Modern Anomaly,Kythera,2022-05-21,Oaxaca de Juárez,Oaxaca,México,0,13,Kythera,
Modern Anomaly,Kythera,2022-05-21,Chalco,México,México,0,13,Kythera,
Modern Anomaly,Kythera,2022-05-21,Cartagena,Región de Murcia,Spain,0,13,Kythera,
Modern Anomaly,Kythera,2022-05-21,Ponta Delgada (São Pedro),Azores,Portugal,0,13,Kythera,
Modern Anomaly,Kythera,2022-05-21,Montgomery,Ohio,United States,0,13,Kythera,
Modern Anomaly,Kythera,2022-05-21,Beijing,Beijing,China,0,13,Kythera,
Modern Anomaly,Kythera,2022-05-21,Stockholm,Stockholm,Sweden,0,13,Kythera,
Modern Anomaly,Kythera,2022-05-21,Oulu,Oulu,Finland,0,13,Kythera,
Modern Anomaly,Kythera,2022-05-21,Alkmaar,Noord-Holland,Netherlands,0,13,Kythera,
Modern Anomaly,Kythera,2022-05-21,Mérida,Yucatán,México,0,13,Kythera,
Modern Anomaly,Kythera,2022-05-21,Brno,Jihomoravský,Czechia,0,13,Kythera,
Modern Anomaly,Kythera,2022-05-21,Kouvola,Southern Finland,Finland,0,13,Kythera,
Modern Anomaly,Kythera,2022-05-21,Orange,Florida,United States,1,12,Kythera,
Modern Anomaly,Kythera,2022-05-21,Cedofeita,Porto,Portugal,1,12,Kythera,
Modern Anomaly,Kythera,2022-05-21,Girona,Cataluña,Spain,1,12,Kythera,
Modern Anomaly,Kythera,2022-05-21,Albany,New York,United States,1,12,Kythera,
Modern Anomaly,Kythera,2022-05-21,Bogotá D.C.,Bogotá D.C.,Colombia,1,12,Kythera,
Modern Anomaly,Kythera,2022-05-21,Merkez,Denizli,Turkey,2,11,Kythera,
Modern Anomaly,Kythera,2022-05-21,Cook,Illinois,United States,1,12,Kythera,
Modern Anomaly,Kythera,2022-05-21,Göteborg,Västra Götaland,Sweden,1,12,Kythera,
Modern Anomaly,Kythera,2022-05-21,Tromsø,Troms,Norway,13,0,Kythera,
Modern Anomaly,Kythera,2022-05-21,Setúbal (São Julião),Setúbal,Portugal,2,11,Kythera,
Modern Anomaly,Kythera,2022-05-21,Aosta,Valle d'Aosta,Italy,5,8,Kythera,
Modern Anomaly,Kythera,2022-05-21,Wack-Wack Greenhills,Metropolitan Manila,Philippines,3,10,Kythera,
Modern Anomaly,Kythera,2022-05-21,Neumünster,Schleswig-Holstein,Germany,2,11,Kythera,
Modern Anomaly,Kythera,2022-05-21,Eastrop,England,United Kingdom,2,11,Kythera,
Modern Anomaly,Kythera,2022-05-21,Berne,Bern,Switzerland,1,12,Kythera,
Modern Anomaly,Kythera,2022-05-21,Praha 1,Prague,Czechia,1,12,Kythera,
Modern Anomaly,Kythera,2022-05-21,Rana,Nordland,Norway,11,2,Kythera,
Modern Anomaly,Kythera,2022-05-21,Hennepin,Minnesota,United States,13,0,Kythera,
Modern Anomaly,Kythera,2022-05-21,Kure,Hiroshima,Japan,13,0,Kythera,
Modern Anomaly,Kythera,2022-05-21,Beşiktaş,Istanbul,Turkey,13,0,Kythera,
Modern Anomaly,Kythera,2022-05-21,Bielefeld,Nordrhein-Westfalen,Germany,13,0,Kythera,
Modern Anomaly,Kythera,2022-05-21,Würzburg,Bayern,Germany,3,10,Kythera,
Modern Anomaly,Kythera,2022-05-21,Dallas,Texas,United States,11,2,Kythera,
Modern Anomaly,Kythera,2022-05-21,Salt Lake,Utah,United States,13,0,Kythera,
Modern Anomaly,Kythera,2022-05-21,Jyväskylä,Western Finland,Finland,3,10,Kythera,
Modern Anomaly,Kythera,2022-05-21,Monroe,New York,United States,13,0,Kythera,
Modern Anomaly,Kythera,2022-05-21,Budapesti,Budapest,Hungary,1,12,Kythera,
Modern Anomaly,Kythera,2022-05-21,Delaware,Indiana,United States,13,0,Kythera,
Modern Anomaly,Kythera,2022-05-21,Sandnes,Rogaland,Norway,5,8,Kythera,
Modern Anomaly,Kythera,2022-05-21,Oldenburg (Oldb),Niedersachsen,Germany,7,6,Kythera,
Modern Anomaly,Kythera,2022-05-21,Gwinnett,Georgia,United States,13,0,Kythera,
Modern Anomaly,Kythera,2022-05-21,Kwun Tong,Hong Kong,China,2,11,Kythera,
Modern Anomaly,Kythera,2022-05-21,Tapachula,Chiapas,México,11,2,Kythera,
Modern Anomaly,Kythera,2022-05-21,Podosugih,Jawa Tengah,Indonesia,13,0,Kythera,
Modern Anomaly,Kythera,2022-05-21,Rio de Janeiro,Rio de Janeiro,Brazil,13,0,Kythera,
Modern Anomaly,Kythera,2022-05-21,Clark,Nevada,United States,8,5,Kythera,
Modern Anomaly,Kythera,2022-05-21,Prawet,Bangkok Metropolis,Thailand,12,1,Kythera,
Modern Anomaly,Kythera,2022-05-21,New Taipei,New Taipei,Taiwan,13,0,Kythera,
Modern Anomaly,Kythera,2022-05-21,Municipiul Bucuresti,Bucharest,Romania,9,4,Kythera,
Modern Anomaly,Kythera,2022-05-21,São José dos Campos,São Paulo,Brazil,8,5,Kythera,
Modern Anomaly,Kythera,2022-05-21,Kaiserslautern,Rheinland-Pfalz,Germany,5,8,Kythera,
Modern Anomaly,Kythera,2022-05-21,Washtenaw,Michigan,United States,8,5,Kythera,
Modern Anomaly,Kythera,2022-05-21,Kraków,Małopolskie,Poland,3,10,Kythera,
Modern Anomaly,Kythera,2022-05-21,Middlesex,Massachusetts,United States,13,0,Kythera,
Modern Anomaly,Kythera,2022-05-21,Chitose,Hokkaido,Japan,5,8,Kythera,
Modern Anomaly,Kythera,2022-05-21,Torry/Ferryhill,Scotland,United Kingdom,12,1,Kythera,
Modern Anomaly,Kythera,2022-05-21,Milano,Lombardia,Italy,12,1,Kythera,
Modern Anomaly,Kythera,2022-05-21,Waukesha,Wisconsin,United States,10,3,Kythera,
Modern Anomaly,Kythera,2022-05-21,Norrköping,Östergötland,Sweden,10,3,Kythera,
Modern Anomaly,Kythera,2022-05-21,New Westminster,British Columbia,Canada,4,9,Kythera,
Modern Anomaly,Kythera,2022-05-21,Philadelphia,Pennsylvania,United States,13,0,Kythera,
Modern Anomaly,Kythera,2022-05-21,San Diego,California,United States,13,0,Kythera,
Modern Anomaly,Kythera,2022-05-21,Sydney,New South Wales,Australia,5,8,Kythera,
Modern Anomaly,Kythera,2022-05-21,Midland,Texas,United States,5,8,Kythera,
Modern Anomaly,Kythera,2022-05-21,Erfurt,Thüringen,Germany,9,4,Kythera,
Modern Anomaly,Kythera,2022-05-21,Pape'ete,Îles du Vent,French Polynesia,9,4,Kythera,
Modern Anomaly,Kythera,2022-05-21,Market,England,United Kingdom,6,7,Kythera,
Modern Anomaly,Kythera,2022-05-21,Al Karama,Dubai,United Arab Emirates,12,1,Kythera,
Modern Anomaly,Kythera,2022-05-21,St David's,England,United Kingdom,13,0,Kythera,
Modern Anomaly,Kythera,2022-05-21,Linz,Oberösterreich,Austria,9,4,Kythera,
Modern Anomaly,Kythera,2022-05-21,Ventspils,Kurzeme,Latvia,12,1,Kythera,
Modern Anomaly,Kythera,2022-05-21,Akita,Akita,Japan,13,0,Kythera,
Modern Anomaly,Kythera,2022-05-21,Stuttgart,Baden-Württemberg,Germany,5,8,Kythera,
Modern Anomaly,Kythera,2022-05-21,Darmstadt,Hessen,Germany,12,1,Kythera,
Modern Anomaly,Kythera,2022-05-21,Metz,Grand Est,France,8,5,Kythera,
Modern Anomaly,Kythera,2022-05-21,La Plata,Buenos Aires,Argentina,5,8,Kythera,
Modern Anomaly,Kythera,2022-05-21,Merdeka,Jawa Barat,Indonesia,13,0,Kythera,
Modern Anomaly,Kythera,2022-05-21,Tsuen Wan,Hong Kong,China,4,9,Kythera,
Modern Anomaly,Kythera,2022-05-21,Kent,Michigan,United States,9,4,Kythera,
Modern Anomaly,Kythera,2022-05-21,New York,New York,United States,13,0,Kythera,
Modern Anomaly,Kythera,2022-05-21,Brussel,Bruxelles,Belgium,8,5,Kythera,
Modern Anomaly,Kythera,2022-05-21,Takamatsu,Kagawa,Japan,6,7,Kythera,
Modern Anomaly,Kythera,2022-05-21,Valparaíso,Valparaíso,Chile,8,5,Kythera,
Modern Anomaly,Kythera,2022-05-21,Zaragoza,Aragón,Spain,13,0,Kythera,
Modern Anomaly,Kythera,2022-05-21,Wellington,Wellington,New Zealand,13,0,Kythera,
Modern Anomaly,Kythera,2022-05-21,Nürnberg,Bayern,Germany,12,1,Kythera,
Modern Anomaly,Kythera,2022-05-21,Poznań,Wielkopolskie,Poland,11,2,Kythera,
Modern Anomaly,Kythera,2022-05-21,Myeong,Seoul,South Korea,7,6,Kythera,
Modern Anomaly,Kythera,2022-05-21,King's Cross,England,United Kingdom,10,3,Kythera,
Modern Anomaly,Kythera,2022-05-21,Leiden,Zuid-Holland,Netherlands,13,0,Kythera,
Modern Anomaly,Kythera,2022-05-21,Hiroshima,Hiroshima,Japan,12,1,Kythera,
Modern Anomaly,Kythera,2022-05-21,Riga,Riga,Latvia,7,6,Kythera,
Modern Anomaly,Kythera,2022-05-21,Nagoya,Aichi,Japan,11,2,Kythera,
Modern Anomaly,Kythera,2022-05-21,Shizuoka,Shizuoka,Japan,9,4,Kythera,
Modern Anomaly,Kythera,2022-05-21,Santiago,Santiago Metropolitan,Chile,12,1,Kythera,
Modern Anomaly,Kythera,2022-05-21,Taipei,Taipei,Taiwan,12,1,Kythera,
Modern Anomaly,Kythera,2022-05-21,Vilniaus,Vilniaus,Lithuania,7,6,Kythera,
Modern Anomaly,Kythera,2022-05-21,Osaka,Osaka,Japan,8,5,Kythera,
Modern Anomaly,Kythera,2022-05-21,La Plata,Buenos Aires,Argentina,5,8,Kythera,
Modern Anomaly,Kythera,2022-05-21,Tapachula,Chiapas,México,8,3,Kythera,
Modern Anomaly,Kythera,2022-05-21,Al Satwa,Dubai,United Arab Emirates,13,0,Kythera,
Modern Anomaly,Kythera,2022-05-21,Midland,Texas,United States,6,7,Kythera,
Modern Anomaly,Kythera,2022-05-21,Shizuoka,Shizuoka,Japan,11,2,Kythera,
Modern Anomaly,Kythera,2022-05-21,Merkez,Denizli,Turkey,0,13,Kythera,
Modern Anomaly,Kythera,2022-05-21,Kent,Michigan,United States,13,0,Kythera,
Modern Anomaly,Kythera,2022-05-21,Stuttgart,Baden-Württemberg,Germany,0,5,Kythera,
Modern Anomaly,Kythera,2022-05-21,Kraków,Małopolskie,Poland,1,12,Kythera,
Modern Anomaly,Kythera,2022-05-21,Market,England,United Kingdom,12,1,Kythera,
Modern Anomaly,Kythera,2022-06-25,Hobart,Tasmania,Australia,0,13,Kythera,
Modern Anomaly,Kythera,2022-06-25,Ponta Porã,Mato Grosso do Sul,Brazil,0,13,Kythera,
Modern Anomaly,Kythera,2022-06-25,Jarabacoa,La Vega,Dominican Republic,0,13,Kythera,
Modern Anomaly,Kythera,2022-06-25,Xiamen,Fujian,China,0,13,Kythera,
Modern Anomaly,Kythera,2022-06-25,East Baton Rouge,Louisiana,United States,0,13,Kythera,
Modern Anomaly,Kythera,2022-06-25,Tateyama,Chiba,Japan,0,13,Kythera,
Modern Anomaly,Kythera,2022-06-25,Jinan,Shandong,China,0,13,Kythera,
Modern Anomaly,Kythera,2022-06-25,Xiqing,Tianjin,China,0,13,Kythera,
Modern Anomaly,Kythera,2022-06-25,Ajaccio,Corse,France,0,13,Kythera,
Modern Anomaly,Kythera,2022-06-25,Bolzano,Trentino-Alto Adige,Italy,0,13,Kythera,
Modern Anomaly,Kythera,2022-06-25,Kecskemét,Bács-Kiskun,Hungary,0,13,Kythera,
Modern Anomaly,Kythera,2022-06-25,Katowice,Śląskie,Poland,0,13,Kythera,
Modern Anomaly,Kythera,2022-06-25,Fredrikstad,Ãstfold,Norway,0,13,Kythera,
Modern Anomaly,Kythera,2022-06-25,Karlstad,Värmland,Sweden,0,13,Kythera,
Modern Anomaly,Kythera,2022-06-25,Kouvola,Southern Finland,Finland,0,13,Kythera,
Modern Anomaly,Kythera,2022-06-25,Copiapó,Atacama,Chile,0,13,Kythera,
Modern Anomaly,Kythera,2022-06-25,Angers,Pays de la Loire,France,0,13,Kythera,
Modern Anomaly,Kythera,2022-06-25,Recife,Pernambuco,Brazil,1,12,Kythera,
Modern Anomaly,Kythera,2022-06-25,Thessaloniki,Macedonia and Thrace,Greece,2,11,Kythera,
Modern Anomaly,Kythera,2022-06-25,Harstad,Troms,Norway,2,11,Kythera,
Modern Anomaly,Kythera,2022-06-25,City of Tshwane,Gauteng,South Africa,1,12,Kythera,
Modern Anomaly,Kythera,2022-06-25,Stockholm,Stockholm,Sweden,0,13,Kythera,
Modern Anomaly,Kythera,2022-06-25,Budapesti,Budapest,Hungary,0,13,Kythera,
Modern Anomaly,Kythera,2022-06-25,Story,Iowa,United States,0,13,Kythera,
Modern Anomaly,Kythera,2022-06-25,Melbourne,Victoria,Australia,0,13,Kythera,
Modern Anomaly,Kythera,2022-06-25,Bogotá D.C.,Bogotá D.C.,Colombia,1,12,Kythera,
Modern Anomaly,Kythera,2022-06-25,Żory,Śląskie,Poland,1,12,Kythera,
Modern Anomaly,Kythera,2022-06-25,Dallas,Texas,United States,2,11,Kythera,
Modern Anomaly,Kythera,2022-06-25,Álvaro Obregón,Distrito Federal,México,1,12,Kythera,
Modern Anomaly,Kythera,2022-06-25,Oulu,Oulu,Finland,2,11,Kythera,
Modern Anomaly,Kythera,2022-06-25,Norton North,England,United Kingdom,6,7,Kythera,
Modern Anomaly,Kythera,2022-06-25,Westland,West Coast,New Zealand,13,0,Kythera,
Modern Anomaly,Kythera,2022-06-25,Monroe,New York,United States,6,7,Kythera,
Modern Anomaly,Kythera,2022-06-25,Wayne,Michigan,United States,10,3,Kythera,
Modern Anomaly,Kythera,2022-06-25,Palilula,Grad Beograd,Serbia,7,6,Kythera,
Modern Anomaly,Kythera,2022-06-25,Ponta Delgada (São Sebastião),Azores,Portugal,2,11,Kythera,
Modern Anomaly,Kythera,2022-06-25,Constanta,Constanța,Romania,12,1,Kythera,
Modern Anomaly,Kythera,2022-06-25,Mount Barker,South Australia,Australia,12,1,Kythera,
Modern Anomaly,Kythera,2022-06-25,Yuhang,Zhejiang,China,2,11,Kythera,
Modern Anomaly,Kythera,2022-06-25,Callaway,Missouri,United States,12,1,Kythera,
Modern Anomaly,Kythera,2022-06-25,Rennes,Bretagne,France,13,0,Kythera,
Modern Anomaly,Kythera,2022-06-25,Roanoke City,Virginia,United States,13,0,Kythera,
Modern Anomaly,Kythera,2022-06-25,Sedgwick,Kansas,United States,13,0,Kythera,
Modern Anomaly,Kythera,2022-06-25,Carfax,England,United Kingdom,2,11,Kythera,
Modern Anomaly,Kythera,2022-06-25,Dutchess,New York,United States,13,0,Kythera,
Modern Anomaly,Kythera,2022-06-25,Balili,Benguet,Philippines,13,0,Kythera,
Modern Anomaly,Kythera,2022-06-25,Henry,Indiana,United States,13,0,Kythera,
Modern Anomaly,Kythera,2022-06-25,Hennepin,Minnesota,United States,13,0,Kythera,
Modern Anomaly,Kythera,2022-06-25,Zárate,Buenos Aires,Argentina,12,1,Kythera,
Modern Anomaly,Kythera,2022-06-25,Juvisy-sur-Orge,Île-de-France,France,4,9,Kythera,
Modern Anomaly,Kythera,2022-06-25,Humboldt,California,United States,6.5,6.5,Kythera,
Modern Anomaly,Kythera,2022-06-25,Edmonton,Alberta,Canada,13,0,Kythera,
Modern Anomaly,Kythera,2022-06-25,Ladywood,England,United Kingdom,5,8,Kythera,
Modern Anomaly,Kythera,2022-06-25,Aldaia,Comunidad Valenciana,Spain,12,1,Kythera,
Modern Anomaly,Kythera,2022-06-25,Christchurch,Canterbury,New Zealand,8,5,Kythera,
Modern Anomaly,Kythera,2022-06-25,Wumialo,Gorontalo,Indonesia,13,0,Kythera,
Modern Anomaly,Kythera,2022-06-25,Sandnes,Rogaland,Norway,7,6,Kythera,
Modern Anomaly,Kythera,2022-06-25,Auckland,Auckland,New Zealand,7,6,Kythera,
Modern Anomaly,Kythera,2022-06-25,Chincha Alta,Ica,Peru,4,9,Kythera,
Modern Anomaly,Kythera,2022-06-25,Iasi,Iași,Romania,10,3,Kythera,
Modern Anomaly,Kythera,2022-06-25,Calais,Hauts-de-France,France,13,0,Kythera,
Modern Anomaly,Kythera,2022-06-25,Iquitos,Loreto,Peru,9,4,Kythera,
Modern Anomaly,Kythera,2022-06-25,Municipio B,Montevideo,Uruguay,13,0,Kythera,
Modern Anomaly,Kythera,2022-06-25,Piura,Piura,Peru,3,10,Kythera,
Modern Anomaly,Kythera,2022-06-25,Delhi,NCT of Delhi,India,4,9,Kythera,
Modern Anomaly,Kythera,2022-06-25,Hochschulen,Zürich,Switzerland,8,5,Kythera,
Modern Anomaly,Kythera,2022-06-25,Anderston/City/Yorkhill,Scotland,United Kingdom,13,0,Kythera,
Modern Anomaly,Kythera,2022-06-25,Westgate,England,United Kingdom,13,0,Kythera,
Modern Anomaly,Kythera,2022-06-25,Gwinnett,Georgia,United States,11,2,Kythera,
Modern Anomaly,Kythera,2022-06-25,Victoria,British Columbia,Canada,13,0,Kythera,
Modern Anomaly,Kythera,2022-06-25,Sundsvall,Västernorrland,Sweden,12,1,Kythera,
Modern Anomaly,Kythera,2022-06-25,Hennepin,Minnesota,United States,12,1,Kythera,
Modern Anomaly,Kythera,2022-06-25,Asunción,Asunción,Paraguay,11,2,Kythera,
Modern Anomaly,Kythera,2022-06-25,Manresa,Cataluña,Spain,4,9,Kythera,
Modern Anomaly,Kythera,2022-06-25,Obihiro,Hokkaido,Japan,5,8,Kythera,
Modern Anomaly,Kythera,2022-06-25,Santa Clara,California,United States,5,8,Kythera,
Modern Anomaly,Kythera,2022-06-25,Turku,Western Finland,Finland,7,6,Kythera,
Modern Anomaly,Kythera,2022-06-25,Duval,Florida,United States,13,0,Kythera,
Modern Anomaly,Kythera,2022-06-25,Sendai,Miyagi,Japan,13,0,Kythera,
Modern Anomaly,Kythera,2022-06-25,Municipiul Bucuresti,Bucharest,Romania,13,0,Kythera,
Modern Anomaly,Kythera,2022-06-25,Setúbal (Nossa Senhora Da Anunci,Setúbal,Portugal,13,0,Kythera,
Modern Anomaly,Kythera,2022-06-25,Cosenza,Calabria,Italy,13,0,Kythera,
Modern Anomaly,Kythera,2022-06-25,Curanilahue,Bío-Bío,Chile,9,4,Kythera,
Modern Anomaly,Kythera,2022-06-25,Curicó,Maule,Chile,12,1,Kythera,
Modern Anomaly,Kythera,2022-06-25,Multnomah,Oregon,United States,12,1,Kythera,
Modern Anomaly,Kythera,2022-06-25,Philadelphia,Pennsylvania,United States,13,0,Kythera,
Modern Anomaly,Kythera,2022-06-25,,Central,Singapore,6,7,Kythera,
Modern Anomaly,Kythera,2022-06-25,Nuestra Señora de La Paz,La Paz,Bolivia,13,0,Kythera,
Modern Anomaly,Kythera,2022-06-25,Toyohashi,Aichi,Japan,12,1,Kythera,
Modern Anomaly,Kythera,2022-06-25,Stolichna,Grad Sofiya,Bulgaria,13,0,Kythera,
Modern Anomaly,Kythera,2022-06-25,Heraklion,Crete,Greece,11,2,Kythera,
Modern Anomaly,Kythera,2022-06-25,Ottawa,Ontario,Canada,8,5,Kythera,
Modern Anomaly,Kythera,2022-06-25,Wellington,Wellington,New Zealand,13,0,Kythera,
Modern Anomaly,Kythera,2022-06-25,Riverside,California,United States,8,5,Kythera,
Modern Anomaly,Kythera,2022-06-25,Cook,Illinois,United States,13,0,Kythera,
Modern Anomaly,Kythera,2022-06-25,Merdeka,Jawa Barat,Indonesia,11,2,Kythera,
Modern Anomaly,Kythera,2022-06-25,Okayama,Okayama,Japan,6,7,Kythera,
Modern Anomaly,Kythera,2022-06-25,Sydney,New South Wales,Australia,8,5,Kythera,
Modern Anomaly,Kythera,2022-06-25,Chiba,Chiba,Japan,11,2,Kythera,
Modern Anomaly,Kythera,2022-06-25,Ueda,Nagano,Japan,11,2,Kythera,
Modern Anomaly,Kythera,2022-06-25,Sydney,New South Wales,Australia,12,1,Kythera,
Modern Anomaly,Kythera,2022-06-25,City of Tshwane,Gauteng,South Africa,1,12,Kythera,
Modern Anomaly,Kythera,2022-06-25,Piura,Piura,Peru,0,10,Kythera,
Modern Anomaly,Kythera,2022-06-25,Delhi,NCT of Delhi,India,7,1,Kythera,
Modern Anomaly,Kythera,2022-06-25,Riverside,California,United States,9,4,Kythera,
Modern Anomaly,Kythera,2022-06-25,Heraklion,Crete,Greece,13,0,Kythera,
Modern Anomaly,Kythera,2022-06-25,Ueda,Nagano,Japan,13,0,Kythera,
Modern Anomaly,Kythera,2022-06-25,Manresa,Cataluña,Spain,12,1,Kythera,
Modern Anomaly,Kythera,2022-06-25,Cook,Illinois,United States,11,2,Kythera,
Modern Anomaly,Kythera,2022-06-25,Ottawa,Ontario,Canada,10,3,Kythera,
Modern Anomaly,Kureze Effect,2022-02-19,Tokyo,Tokyo,Japan,"11,705",855,Kureze Effect,
Modern Anomaly,Kureze Effect,2022-02-19,Namba,Osaka Prefecture,Japan,"8,265","8,730",Kureze Effect,
Modern Anomaly,Kureze Effect,2022-02-19,San Juan de Lurigancho,Lima,Peru,"6,100","10,190",Kureze Effect,
Modern Anomaly,Kureze Effect,2022-02-19,Melbourne,Victoria,Australia,"3,645","7,050",Kureze Effect,
Modern Anomaly,Kureze Effect,2022-02-19,,,Singapore,"6,085","8,975",Kureze Effect,
Modern Anomaly,Kureze Effect,2022-02-19,Santiago,Santiago Metropolitan Region,Chile,"8,450","4,660",Kureze Effect,
Modern Anomaly,Kureze Effect,2022-02-19,Tsudanuma,Chiba Prefecture,Japan,"5,745","4,425",Kureze Effect,
Modern Anomaly,Kureze Effect,2022-02-19,Nagoya,Aichi Prefecture,Japan,"7,300","3,640",Kureze Effect,
Modern Anomaly,Kureze Effect,2022-02-19,Saint Petersburg,Saint Petersburg,Russia,"5,875","5,760",Kureze Effect,
Modern Anomaly,Kureze Effect,2022-02-19,,Hong Kong Island,Hong Kong S.A.R.,475,"10,910",Kureze Effect,
Modern Anomaly,Kureze Effect,2022-02-19,Riga,Vidzeme,Latvia,"8,930","1,710",Kureze Effect,
Modern Anomaly,Kureze Effect,2022-02-19,Helsinki,Mainland Finland,Finland,"3,755","6,690",Kureze Effect,
Modern Anomaly,Kureze Effect,2022-02-19,Sendai,Miyagi Prefecture,Japan,"6,605","3,840",Kureze Effect,
Modern Anomaly,Kureze Effect,2022-02-19,Zaragoza,Aragon,Spain,"6,430","3,970",Kureze Effect,
Modern Anomaly,Kureze Effect,2022-02-19,,Hong Kong,China,210,"10,050",Kureze Effect,
Modern Anomaly,Kureze Effect,2022-02-19,Moscow,Moscow,Russia,"8,055",890,Kureze Effect,
Modern Anomaly,Kureze Effect,2022-02-19,Shizuoka,Shizuoka Prefecture,Japan,"4,785","4,125",Kureze Effect,
Modern Anomaly,Kureze Effect,2022-02-19,Gouda,South Holland,Netherlands,"2,430","6,460",Kureze Effect,
Modern Anomaly,Kureze Effect,2022-02-19,Budapest,Central Hungary,Hungary,"4,730","4,105",Kureze Effect,
Modern Anomaly,Kureze Effect,2022-02-19,Sapporo,Hokkaido Prefecture,Japan,"2,960","5,805",Kureze Effect,
Modern Anomaly,Kureze Effect,2022-02-19,,Taipei,Taiwan,"8,585",100,Kureze Effect,
Modern Anomaly,Kureze Effect,2022-02-19,Kaliningrad,Kaliningrad,Russia,"5,960","2,650",Kureze Effect,
Modern Anomaly,Kureze Effect,2022-02-19,,Beijing,China,0,"8,505",Kureze Effect,
Modern Anomaly,Kureze Effect,2022-02-19,Stockholm,Stockholm,Sweden,35,"8,425",Kureze Effect,
Modern Anomaly,Kureze Effect,2022-02-19,Sta Cruz,Canary Islands,Spain,"2,880","5,560",Kureze Effect,
Modern Anomaly,Kureze Effect,2022-02-19,Okayama,Okayama Prefecture,Japan,"1,540","6,850",Kureze Effect,
Modern Anomaly,Kureze Effect,2022-02-19,Prague,Prague,Czechia,"1,290","6,665",Kureze Effect,
Modern Anomaly,Kureze Effect,2022-02-19,Maebashi,Gunma Prefecture,Japan,"6,580","1,345",Kureze Effect,
Modern Anomaly,Kureze Effect,2022-02-19,Hiroshima,Hiroshima Prefecture,Japan,"7,745",120,Kureze Effect,
Modern Anomaly,Kureze Effect,2022-02-19,Nagano,Nagano Prefecture,Japan,"4,345","3,495",Kureze Effect,
Modern Anomaly,Kureze Effect,2022-02-19,Vilnius,Vilnius County,Lithuania,"6,090","1,745",Kureze Effect,
Modern Anomaly,Kureze Effect,2022-02-19,Vienna,,Austria,245,"7,570",Kureze Effect,
Modern Anomaly,Kureze Effect,2022-02-19,Utrecht,Utrecht,Netherlands,"1,340","6,390",Kureze Effect,
Modern Anomaly,Kureze Effect,2022-02-19,Bochum,North Rhine-Westphalia,Germany,"1,170","6,540",Kureze Effect,
Modern Anomaly,Kureze Effect,2022-02-19,Berlin,Berlin,Germany,935,"6,755",Kureze Effect,
Modern Anomaly,Kureze Effect,2022-02-19,MH,Maharashtra,India,"2,970","4,590",Kureze Effect,
Modern Anomaly,Kureze Effect,2022-02-19,,,Taiwan,"4,975","2,565",Kureze Effect,
Modern Anomaly,Kureze Effect,2022-02-19,,,Taiwan,"2,860","4,680",Kureze Effect,
Modern Anomaly,Kureze Effect,2022-02-19,Hamburg,Hamburg,Germany,"1,960","5,455",Kureze Effect,
Modern Anomaly,Kureze Effect,2022-02-19,Nymburk,Central Bohemia,Czechia,"2,935","4,415",Kureze Effect,
Modern Anomaly,Kureze Effect,2022-02-19,Jongno-gu,Seoul,South Korea,"5,710","1,625",Kureze Effect,
Modern Anomaly,Kureze Effect,2022-02-19,Birmingham,England,United Kingdom,"6,525",680,Kureze Effect,
Modern Anomaly,Kureze Effect,2022-02-19,Kaunas,Kaunas County,Lithuania,"5,745","1,455",Kureze Effect,
Modern Anomaly,Kureze Effect,2022-02-19,Naha,Okinawa Prefecture,Japan,"5,595","1,535",Kureze Effect,
Modern Anomaly,Kureze Effect,2022-02-19,Bilbao,Basque Country,Spain,"1,230","5,900",Kureze Effect,
Modern Anomaly,Kureze Effect,2022-02-19,Barcelona,Catalonia,Spain,"3,365","3,655",Kureze Effect,
Modern Anomaly,Kureze Effect,2022-02-19,Brno,Southeast,Czechia,760,"6,230",Kureze Effect,
Modern Anomaly,Kureze Effect,2022-02-19,Oxford,England,United Kingdom,"1,615","5,345",Kureze Effect,
Modern Anomaly,Kureze Effect,2022-02-19,Nuremberg,Bavaria,Germany,"2,595","4,285",Kureze Effect,
Modern Anomaly,Kureze Effect,2022-02-19,Adelaide,South Australia,Australia,"4,135","2,720",Kureze Effect,
Modern Anomaly,Kureze Effect,2022-02-19,Szczecin,West Pomeranian Voivodeship,Poland,"4,995","1,850",Kureze Effect,
Modern Anomaly,Kureze Effect,2022-02-19,Wellington,,New Zealand,"6,325",515,Kureze Effect,
Modern Anomaly,Kureze Effect,2022-02-19,Warsaw,Masovian Voivodeship,Poland,"6,260",555,Kureze Effect,
Modern Anomaly,Kureze Effect,2022-02-19,Turku,Mainland Finland,Finland,"1,595","5,185",Kureze Effect,
Modern Anomaly,Kureze Effect,2022-02-19,Bonn,North Rhine-Westphalia,Germany,"2,575","4,185",Kureze Effect,
Modern Anomaly,Kureze Effect,2022-02-19,Matsuyama,Ehime Prefecture,Japan,"3,980","2,670",Kureze Effect,
Modern Anomaly,Kureze Effect,2022-02-19,Neumünster,Schleswig-Holstein,Germany,"4,545","2,095",Kureze Effect,
Modern Anomaly,Kureze Effect,2022-02-19,Bern,Bern,Switzerland,"1,165","5,445",Kureze Effect,
Modern Anomaly,Kureze Effect,2022-02-19,Lyon,Auvergne-Rhone-Alpes,France,"4,215","2,380",Kureze Effect,
Modern Anomaly,Kureze Effect,2022-02-19,Sofia,,Bulgaria,"6,490",50,Kureze Effect,
Modern Anomaly,Kureze Effect,2022-02-19,,,Taiwan,"6,325",85,Kureze Effect,
Modern Anomaly,Kureze Effect,2022-02-19,Poznań,Greater Poland Voivodeship,Poland,"5,270","1,045",Kureze Effect,
Modern Anomaly,Kureze Effect,2022-02-19,Dnipropetrovs'k,Dnipropetrovs'k,Ukraine,"5,600",685,Kureze Effect,
Modern Anomaly,Kureze Effect,2022-02-19,Marseille,Provence-Alpes-Côte d'Azur,France,0,"6,210",Kureze Effect,
Modern Anomaly,Kureze Effect,2022-02-19,Basingstoke and Deane,England,United Kingdom,450,"5,670",Kureze Effect,
Modern Anomaly,Kureze Effect,2022-02-19,Malmo,Scania,Sweden,"1,345","4,735",Kureze Effect,
Modern Anomaly,Kureze Effect,2022-02-19,Kaufbeuren,Bavaria,Germany,"1,120","4,945",Kureze Effect,
Modern Anomaly,Kureze Effect,2022-02-19,Vancouver,British Columbia,Canada,"2,125","3,910",Kureze Effect,
Modern Anomaly,Kureze Effect,2022-02-19,Leipzig,Saxony,Germany,"1,895","4,135",Kureze Effect,
Modern Anomaly,Kureze Effect,2022-02-19,Wrocław,dolnoslaskie,Poland,"5,505",470,Kureze Effect,
Modern Anomaly,Kureze Effect,2022-02-19,Nagasaki Station,Nagasaki Prefecture,Japan,"2,875","3,085",Kureze Effect,
Modern Anomaly,Kureze Effect,2022-02-19,Tampere,West Finland,Finland,10,"5,875",Kureze Effect,
Modern Anomaly,Kureze Effect,2022-02-19,Takamatsu,Kagawa Prefecture,Japan,"3,380","2,495",Kureze Effect,
Modern Anomaly,Kureze Effect,2022-02-19,Bergen,,Norway,"2,635","3,235",Kureze Effect,
Modern Anomaly,Kureze Effect,2022-02-19,London,England,United Kingdom,"5,660",205,Kureze Effect,
Modern Anomaly,Kureze Effect,2022-02-19,Arlington,Virginia,United States,"3,415","2,450",Kureze Effect,
Modern Anomaly,Kureze Effect,2022-02-19,Castello de la Plana,Valencian Community,Spain,"3,975","1,875",Kureze Effect,
Modern Anomaly,Kureze Effect,2022-02-19,Lviv,Lviv,Ukraine,"3,315","2,490",Kureze Effect,
Modern Anomaly,Kureze Effect,2022-02-19,Aarhus,Central Denmark Region,Denmark,"1,745","3,980",Kureze Effect,
Modern Anomaly,Kureze Effect,2022-02-19,Houston,Texas,United States,5635,35,Kureze Effect,
Modern Anomaly,Kureze Effect,2022-02-19,Toyohashi,Aichi Prefecture,Japan,3235,2350,Kureze Effect,
Modern Anomaly,Kureze Effect,2022-02-19,Rio de Janeiro,Southeast,Brazil,1350,4180,Kureze Effect,
Modern Anomaly,Kureze Effect,2022-02-19,San Nicolás de los Garza,Nuevo León,Mexico,1985,3445,Kureze Effect,
Modern Anomaly,Kureze Effect,2022-02-19,Metz,Great East,France,4830,585,Kureze Effect,
Modern Anomaly,Kureze Effect,2022-02-19,Fukuoka,Fukuoka Prefecture,Japan,3210,2135,Kureze Effect,
Modern Anomaly,Kureze Effect,2022-02-19,Dresden,Saxony,Germany,1360,3915,Kureze Effect,
Modern Anomaly,Kureze Effect,2022-02-19,Kyiv,,Ukraine,5225,20,Kureze Effect,
Modern Anomaly,Kureze Effect,2022-02-19,Yekaterinburg,Sverdlovsk Oblast,Russia,4345,885,Kureze Effect,
Modern Anomaly,Kureze Effect,2022-02-19,,Macau,China,920,4295,Kureze Effect,
Modern Anomaly,Kureze Effect,2022-02-19,Montevideo,Montevideo,Uruguay,2480,2715,Kureze Effect,
Modern Anomaly,Kureze Effect,2022-02-19,Ventspils,Courland,Latvia,2280,2910,Kureze Effect,
Modern Anomaly,Kureze Effect,2022-02-19,Mexico City,Ciudad de México,Mexico,2135,3035,Kureze Effect,
Modern Anomaly,Kureze Effect,2022-02-19,Gothenburg,Vastra Gotaland,Sweden,90,4995,Kureze Effect,
Modern Anomaly,Kureze Effect,2022-02-19,Arujá,Southeast,Brazil,30,5000,Kureze Effect,
Modern Anomaly,Kureze Effect,2022-02-19,Brisbane,Queensland,Australia,4360,590,Kureze Effect,
Modern Anomaly,Kureze Effect,2022-02-19,Asuncion,Distrito Capital de Paraguay,Paraguay,2875,2070,Kureze Effect,
Modern Anomaly,Kureze Effect,2022-02-19,Jyväskylä,Mainland Finland,Finland,215,4715,Kureze Effect,
Modern Anomaly,Kureze Effect,2022-02-19,Oslo,Oslo,Norway,35,4870,Kureze Effect,
Modern Anomaly,Kureze Effect,2022-02-19,Kristianstad,Scania,Sweden,3980,865,Kureze Effect,
Modern Anomaly,Kureze Effect,2022-02-19,Montreal,Quebec,Canada,4770,50,Kureze Effect,
Modern Anomaly,Kureze Effect,2022-02-19,City of Brussels,Brussels,Belgium,2360,2425,Kureze Effect,
Modern Anomaly,Kureze Effect,2022-02-19,Ljubljana,,Slovenia,1220,3545,Kureze Effect,
Modern Anomaly,Kureze Effect,2022-02-19,Świdnik,Lublin Voivodeship,Poland,4075,685,Kureze Effect,
Modern Anomaly,Kureze Effect,2022-02-19,New York,New York,United States,2630,2060,Kureze Effect,
Modern Anomaly,Kureze Effect,2022-02-19,Leeds,England,United Kingdom,3495,1180,Kureze Effect,
Modern Anomaly,Kureze Effect,2022-02-19,Pontypridd,Wales,United Kingdom,2415,2230,Kureze Effect,
Modern Anomaly,Kureze Effect,2022-02-19,,,Malaysia,3605,985,Kureze Effect,
Modern Anomaly,Kureze Effect,2022-02-19,Setubal,Setúbal District,Portugal,605,3960,Kureze Effect,
Modern Anomaly,Kureze Effect,2022-02-19,Heamoor,England,United Kingdom,495,4060,Kureze Effect,
Modern Anomaly,Kureze Effect,2022-02-19,Pskov,Pskov Oblast,Russia,1305,3240,Kureze Effect,
Modern Anomaly,Kureze Effect,2022-02-19,,Jakarta,Indonesia,4285,230,Kureze Effect,
Modern Anomaly,Kureze Effect,2022-02-19,Podolsk,Moscow Oblast,Russia,4230,285,Kureze Effect,
Modern Anomaly,Kureze Effect,2022-02-19,Palma,Balearic Islands,Spain,4105,390,Kureze Effect,
Modern Anomaly,Kureze Effect,2022-02-19,Dewsbury,England,United Kingdom,240,4220,Kureze Effect,
Modern Anomaly,Kureze Effect,2022-02-19,Kanazawa,Ishikawa Prefecture,Japan,3250,1175,Kureze Effect,
Modern Anomaly,Kureze Effect,2022-02-19,Karlsruhe,Baden-Württemberg,Germany,555,3830,Kureze Effect,
Modern Anomaly,Kureze Effect,2022-02-19,Rostov-on-Don,Rostov Oblast,Russia,1485,2880,Kureze Effect,
Modern Anomaly,Kureze Effect,2022-02-19,Żory,Silesian Voivodeship,Poland,1380,2965,Kureze Effect,
Modern Anomaly,Kureze Effect,2022-02-19,Piura,Piura,Peru,1960,2335,Kureze Effect,
Modern Anomaly,Kureze Effect,2022-02-19,Portland,Oregon,United States,4080,180,Kureze Effect,
Modern Anomaly,Kureze Effect,2022-02-19,Kouvola,Mainland Finland,Finland,335,3915,Kureze Effect,
Modern Anomaly,Kureze Effect,2022-02-19,Goslar,Lower Saxony,Germany,495,3735,Kureze Effect,
Modern Anomaly,Kureze Effect,2022-02-19,Sydney,New South Wales,Australia,3670,550,Kureze Effect,
Modern Anomaly,Kureze Effect,2022-02-19,Würzburg,Bavaria,Germany,4050,160,Kureze Effect,
Modern Anomaly,Kureze Effect,2022-02-19,Stuttgart,Baden-Württemberg,Germany,2950,1245,Kureze Effect,
Modern Anomaly,Kureze Effect,2022-02-19,Minneapolis,Minnesota,United States,970,3220,Kureze Effect,
Modern Anomaly,Kureze Effect,2022-02-19,San Francisco,California,United States,4185,0,Kureze Effect,
Modern Anomaly,Kureze Effect,2022-02-19,Trujillo,La Libertad,Peru,2240,1870,Kureze Effect,
Modern Anomaly,Kureze Effect,2022-02-19,Madrid,Community of Madrid,Spain,4085,0,Kureze Effect,
Modern Anomaly,Kureze Effect,2022-02-19,Simferopol,Crimea,,2370,1610,Kureze Effect,
Modern Anomaly,Kureze Effect,2022-02-19,Bucharest,Bucharest,Romania,3475,500,Kureze Effect,
Modern Anomaly,Kureze Effect,2022-02-19,Izumi Chuo,Miyagi Prefecture,Japan,2655,1300,Kureze Effect,
Modern Anomaly,Kureze Effect,2022-02-19,Krakow,Lesser Poland Voivodeship,Poland,3595,355,Kureze Effect,
Modern Anomaly,Kureze Effect,2022-02-19,Tartu,Tartu,Estonia,3850,90,Kureze Effect,
Modern Anomaly,Kureze Effect,2022-02-19,Fortaleza,Ceará,Brazil,20,3880,Kureze Effect,
Modern Anomaly,Kureze Effect,2022-02-19,,Penang,Malaysia,3500,385,Kureze Effect,
Modern Anomaly,Kureze Effect,2022-02-19,Akita,Akita Prefecture,Japan,3625,255,Kureze Effect,
Modern Anomaly,Kureze Effect,2022-02-19,Rostock,Mecklenburg-Vorpommern,Germany,3285,585,Kureze Effect,
Modern Anomaly,Kureze Effect,2022-02-19,Paris,Ile-de-France,France,235,3625,Kureze Effect,
Modern Anomaly,Kureze Effect,2022-02-19,Oberursel,Hesse,Germany,465,3395,Kureze Effect,
Modern Anomaly,Kureze Effect,2022-02-19,Perth,Western Australia,Australia,735,3120,Kureze Effect,
Modern Anomaly,Kureze Effect,2022-02-19,Belfast,Northern Ireland,United Kingdom,30,3820,Kureze Effect,
Modern Anomaly,Kureze Effect,2022-02-19,Linz,Upper Austria,Austria,1095,2745,Kureze Effect,
Modern Anomaly,Kureze Effect,2022-02-19,Morioka,Iwate Prefecture,Japan,3765,60,Kureze Effect,
Modern Anomaly,Kureze Effect,2022-02-19,,Tomsk Oblast,Russia,2775,1050,Kureze Effect,
Modern Anomaly,Kureze Effect,2022-02-19,Yaroslavl,Yaroslavl Oblast,Russia,2680,1125,Kureze Effect,
Modern Anomaly,Kureze Effect,2022-02-19,Zurich,Zurich,Switzerland,1605,2165,Kureze Effect,
Modern Anomaly,Kureze Effect,2022-02-19,Ikawa,Akita Prefecture,Japan,2460,1300,Kureze Effect,
Modern Anomaly,Kureze Effect,2022-02-19,Sneek,Frisia,Netherlands,320,3440,Kureze Effect,
Modern Anomaly,Kureze Effect,2022-02-19,Móstoles,Community of Madrid,Spain,275,3465,Kureze Effect,
Modern Anomaly,Kureze Effect,2022-02-19,Waukesha,Wisconsin,United States,20,3705,Kureze Effect,
Modern Anomaly,Kureze Effect,2022-02-19,City of Edinburgh,Scotland,United Kingdom,815,2905,Kureze Effect,
Modern Anomaly,Kureze Effect,2022-02-19,Bogota,,Colombia,1460,2245,Kureze Effect,
Modern Anomaly,Kureze Effect,2022-02-19,Barnaul,Altai Krai,Russia,1420,2285,Kureze Effect,
Modern Anomaly,Kureze Effect,2022-02-19,Geneva,Geneva,Switzerland,3110,575,Kureze Effect,
Modern Anomaly,Kureze Effect,2022-02-19,Toruń,Kuyavian-Pomeranian Voivodeship,Poland,2705,975,Kureze Effect,
Modern Anomaly,Kureze Effect,2022-02-19,Oita,Oita Prefecture,Japan,2485,1190,Kureze Effect,
Modern Anomaly,Kureze Effect,2022-02-19,Chernivtsi,Chernivtsi Oblast,Ukraine,245,3420,Kureze Effect,
Modern Anomaly,Kureze Effect,2022-02-19,Juvisy-sur-Orge,Ile-de-France,France,1440,2200,Kureze Effect,
Modern Anomaly,Kureze Effect,2022-02-19,San Diego,California,United States,1815,1800,Kureze Effect,
Modern Anomaly,Kureze Effect,2022-02-19,Ufa,Bashkortostan,Russia,3345,255,Kureze Effect,
Modern Anomaly,Kureze Effect,2022-02-19,Khmelnytskyi,Khmelnytskyi,Ukraine,3600,0,Kureze Effect,
Modern Anomaly,Kureze Effect,2022-02-19,Lutsk,Volyn Oblast,Ukraine,525,3070,Kureze Effect,
Modern Anomaly,Kureze Effect,2022-02-19,,Zhejiang,China,0,3555,Kureze Effect,
Modern Anomaly,Kureze Effect,2022-02-19,Mountain View,California,United States,3455,100,Kureze Effect,
Modern Anomaly,Kureze Effect,2022-02-19,,Krasnoyarsk,Russia,1745,1785,Kureze Effect,
Modern Anomaly,Kureze Effect,2022-02-19,,Gyeongsangnam-Do,South Korea,100,3420,Kureze Effect,
Modern Anomaly,Kureze Effect,2022-02-19,Gdynia,Pomeranian Voivodeship,Poland,320,3190,Kureze Effect,
Modern Anomaly,Kureze Effect,2022-02-19,Ferrol,Galicia,Spain,2785,715,Kureze Effect,
Modern Anomaly,Kureze Effect,2022-02-19,Caceres,Extremadura,Spain,1985,1490,Kureze Effect,
Modern Anomaly,Kureze Effect,2022-02-19,DL,Delhi,India,2575,890,Kureze Effect,
Modern Anomaly,Kureze Effect,2022-02-19,Kitakyushu,Fukuoka Prefecture,Japan,3445,20,Kureze Effect,
Modern Anomaly,Kureze Effect,2022-02-19,Aberdeen,Scotland,United Kingdom,1295,2170,Kureze Effect,
Modern Anomaly,Kureze Effect,2022-02-19,Asahikawa,Hokkaido Prefecture,Japan,925,2525,Kureze Effect,
Modern Anomaly,Kureze Effect,2022-02-19,Hachinohe,Aomori Prefecture,Japan,3240,205,Kureze Effect,
Modern Anomaly,Kureze Effect,2022-02-19,Elx / Elche,Valencian Community,Spain,1940,1505,Kureze Effect,
Modern Anomaly,Kureze Effect,2022-02-19,Melbourne,Florida,United States,3010,425,Kureze Effect,
Modern Anomaly,Kureze Effect,2022-02-19,,Daegu,South Korea,3255,170,Kureze Effect,
Modern Anomaly,Kureze Effect,2022-02-19,Virovitica,Viroviticko-podravska,Croatia,2835,585,Kureze Effect,
Modern Anomaly,Kureze Effect,2022-02-19,Murmansk,Murmansk Oblast,Russia,740,2665,Kureze Effect,
Modern Anomaly,Kureze Effect,2022-02-19,,North Jakarta,Indonesia,3155,245,Kureze Effect,
Modern Anomaly,Kureze Effect,2022-02-19,Dearborn,Michigan,United States,2580,820,Kureze Effect,
Modern Anomaly,Kureze Effect,2022-02-19,Imperial,Lima,Peru,270,3120,Kureze Effect,
Modern Anomaly,Kureze Effect,2022-02-19,Hrodna,Hrodna Region,Belarus,2875,500,Kureze Effect,
Modern Anomaly,Kureze Effect,2022-02-19,Philadelphia,Pennsylvania,United States,3375,0,Kureze Effect,
Modern Anomaly,Kureze Effect,2022-02-19,Minsk,,Belarus,3045,310,Kureze Effect,
Modern Anomaly,Kureze Effect,2022-02-19,Niigata,Niigata Prefecture,Japan,2485,800,Kureze Effect,
Modern Anomaly,Kureze Effect,2022-02-19,Sigulda,Vidzeme,Latvia,3170,115,Kureze Effect,
Modern Anomaly,Kureze Effect,2022-02-19,Nizhny Novgorod,Nizhny Novgorod Oblast,Russia,1665,1620,Kureze Effect,
Modern Anomaly,Kureze Effect,2022-02-19,Ankara,Central Anatolia Region,Turkey,1210,2075,Kureze Effect,
Modern Anomaly,Kureze Effect,2022-02-19,Dallas,Texas,United States,1295,1975,Kureze Effect,
Modern Anomaly,Kureze Effect,2022-02-19,Smolensk,Smolensk Oblast,Russia,3200,40,Kureze Effect,
Modern Anomaly,Kureze Effect,2022-02-19,Odesa,Odesa Oblast,Ukraine,815,2405,Kureze Effect,
Modern Anomaly,Kureze Effect,2022-02-19,Santa Tecla,Departamento de La Libertad,El Salvador,790,2420,Kureze Effect,
Modern Anomaly,Kureze Effect,2022-02-19,Ozu,Ehime Prefecture,Japan,0,3195,Kureze Effect,
Modern Anomaly,Kureze Effect,2022-02-19,Izhevsk,Udmurtia,Russia,3060,90,Kureze Effect,
Modern Anomaly,Kureze Effect,2022-02-19,,Shanghai,China,0,3060,Kureze Effect,
Modern Anomaly,Kureze Effect,2022-02-19,Matosinhos Municipality,Porto,Portugal,10,3050,Kureze Effect,
Modern Anomaly,Kureze Effect,2022-02-19,Norrköping,Ostergotland,Sweden,320,2730,Kureze Effect,
Modern Anomaly,Kureze Effect,2022-02-19,,Bangkok,Thailand,1635,1415,Kureze Effect,
Modern Anomaly,Kureze Effect,2022-02-19,Miyazaki,Miyazaki Prefecture,Japan,2060,975,Kureze Effect,
Modern Anomaly,Kureze Effect,2022-02-19,Bucharest,,Romania,2390,640,Kureze Effect,
Modern Anomaly,Kureze Effect,2022-02-19,Gorzów Wielkopolski,Lubusz Voivodeship,Poland,2580,440,Kureze Effect,
Modern Anomaly,Kureze Effect,2022-02-19,Toronto,Ontario,Canada,2875,140,Kureze Effect,
Modern Anomaly,Kureze Effect,2022-02-19,Mikkeli,Mainland Finland,Finland,0,3015,Kureze Effect,
Modern Anomaly,Kureze Effect,2022-02-19,Mykolaiv,Mykolaiv Oblast,Ukraine,1085,1930,Kureze Effect,
Modern Anomaly,Kureze Effect,2022-02-19,Canterbury,England,United Kingdom,3015,0,Kureze Effect,
Modern Anomaly,Kureze Effect,2022-02-19,Roseville,California,United States,3015,0,Kureze Effect,
Modern Anomaly,Kureze Effect,2022-02-19,(Old) Ottawa,Ontario,Canada,1005,2000,Kureze Effect,
Modern Anomaly,Kureze Effect,2022-02-19,Marcali,Southern Transdanubia,Hungary,165,2840,Kureze Effect,
Modern Anomaly,Kureze Effect,2022-02-19,Burgos,Castile and Leon,Spain,810,2195,Kureze Effect,
Modern Anomaly,Kureze Effect,2022-02-19,Genoa,Liguria,Italy,80,2920,Kureze Effect,
Modern Anomaly,Kureze Effect,2022-02-19,Nantes,Pays de la Loire,France,30,2940,Kureze Effect,
Modern Anomaly,Kureze Effect,2022-02-19,Malé,,Maldives,2925,35,Kureze Effect,
Modern Anomaly,Kureze Effect,2022-02-19,Salt Lake City,Utah,United States,65,2875,Kureze Effect,
Modern Anomaly,Kureze Effect,2022-02-19,Umeå,Vasterbotten County,Sweden,50,2885,Kureze Effect,
Modern Anomaly,Kureze Effect,2022-02-19,Borås,,Sweden,15,2910,Kureze Effect,
Modern Anomaly,Kureze Effect,2022-02-19,Guayaquil,Guayas,Ecuador,2625,295,Kureze Effect,
Modern Anomaly,Kureze Effect,2022-02-19,Kagoshima,Kagoshima Prefecture,Japan,370,2540,Kureze Effect,
Modern Anomaly,Kureze Effect,2022-02-19,Hobart,Tasmania,Australia,115,2765,Kureze Effect,
Modern Anomaly,Kureze Effect,2022-02-19,Matsuyama-cho,Nagasaki Prefecture,Japan,155,2725,Kureze Effect,
Modern Anomaly,Kureze Effect,2022-02-19,Warsaw,Masovian Voivodeship,Poland,2695,185,Kureze Effect,
Modern Anomaly,Kureze Effect,2022-02-19,Nödinge-Nol,Vastra Gotaland,Sweden,0,2880,Kureze Effect,
Modern Anomaly,Kureze Effect,2022-02-19,Ulverston,England,United Kingdom,960,1905,Kureze Effect,
Modern Anomaly,Kureze Effect,2022-02-19,Poltava,Poltava Oblast,Ukraine,1700,1145,Kureze Effect,
Modern Anomaly,Kureze Effect,2022-02-19,Homyel,Homyel'skaya Voblasts',Belarus,1705,1130,Kureze Effect,
Modern Anomaly,Kureze Effect,2022-02-19,,Fujian,China,0,2835,Kureze Effect,
Modern Anomaly,Kureze Effect,2022-02-19,Sarstedt,Lower Saxony,Germany,60,2775,Kureze Effect,
Modern Anomaly,Kureze Effect,2022-02-19,Cherkasy,Cherkasy Oblast,Ukraine,970,1825,Kureze Effect,
Modern Anomaly,Kureze Effect,2022-02-19,,Magadan Oblast,Russia,2340,450,Kureze Effect,
Modern Anomaly,Kureze Effect,2022-02-19,Phoenix,Arizona,United States,2790,0,Kureze Effect,
Modern Anomaly,Kureze Effect,2022-02-19,Stroudsburg,Pennsylvania,United States,1370,1420,Kureze Effect,
Modern Anomaly,Kureze Effect,2022-02-19,Lakeside,California,United States,2760,20,Kureze Effect,
Modern Anomaly,Kureze Effect,2022-02-19,Sandnes,Rogaland,Norway,285,2490,Kureze Effect,
Modern Anomaly,Kureze Effect,2022-02-19,Concepción,Del Bio-Bio,Chile,2025,735,Kureze Effect,
Modern Anomaly,Kureze Effect,2022-02-19,Koriyama,Fukushima Prefecture,Japan,2175,570,Kureze Effect,
Modern Anomaly,Kureze Effect,2022-02-19,Boston,Massachusetts,United States,990,1755,Kureze Effect,
Modern Anomaly,Kureze Effect,2022-02-19,Norwich,Connecticut,United States,1685,1030,Kureze Effect,
Modern Anomaly,Kureze Effect,2022-02-19,,Western Cape,South Africa,1225,1480,Kureze Effect,
Modern Anomaly,Kureze Effect,2022-02-19,KL,Kerala,India,990,1710,Kureze Effect,
Modern Anomaly,Kureze Effect,2022-02-19,Brunswick,Maine,United States,1695,1005,Kureze Effect,
Modern Anomaly,Kureze Effect,2022-02-19,Solomons,Maryland,United States,705,1995,Kureze Effect,
Modern Anomaly,Kureze Effect,2022-02-19,Chincha Alta,Ica,Peru,415,2240,Kureze Effect,
Modern Anomaly,Kureze Effect,2022-02-19,Falkenberg,Halland,Sweden,0,2655,Kureze Effect,
Modern Anomaly,Kureze Effect,2022-02-19,Takaoka,Toyama Prefecture,Japan,1285,1365,Kureze Effect,
Modern Anomaly,Kureze Effect,2022-02-19,Ponta Delgada (São Sebastião),Azores,Portugal,135,2510,Kureze Effect,
Modern Anomaly,Kureze Effect,2022-02-19,Mogilev,Mahilyowskaya Voblasts',Belarus,2590,45,Kureze Effect,
Modern Anomaly,Kureze Effect,2022-02-19,Kharkiv,Kharkiv Oblast,Ukraine,70,2560,Kureze Effect,
Modern Anomaly,Kureze Effect,2022-02-19,Fond du Lac,Wisconsin,United States,1960,660,Kureze Effect,
Modern Anomaly,Kureze Effect,2022-02-19,Auckland,,New Zealand,0,2610,Kureze Effect,
Modern Anomaly,Kureze Effect,2022-02-19,Loveland,Colorado,United States,2530,70,Kureze Effect,
Modern Anomaly,Kureze Effect,2022-02-19,Victoria,British Columbia,Canada,2545,20,Kureze Effect,
Modern Anomaly,Kureze Effect,2022-02-19,,Omsk Oblast,Russia,35,2520,Kureze Effect,
Modern Anomaly,Kureze Effect,2022-02-19,Ramat Gan,Tel Aviv District,Israel,155,2385,Kureze Effect,
Modern Anomaly,Kureze Effect,2022-02-19,Albany,New York,United States,55,2465,Kureze Effect,
Modern Anomaly,Kureze Effect,2022-02-19,Graz,Styria,Austria,2285,225,Kureze Effect,
Modern Anomaly,Kureze Effect,2022-02-19,Coquimbo,Coquimbo Region,Chile,170,2340,Kureze Effect,
Modern Anomaly,Kureze Effect,2022-02-19,Palermo,Sicily,Italy,840,1665,Kureze Effect,
Modern Anomaly,Kureze Effect,2022-02-19,Magdeburg,Saxony-Anhalt,Germany,525,1960,Kureze Effect,
Modern Anomaly,Kureze Effect,2022-02-19,Frederick,Maryland,United States,1300,1185,Kureze Effect,
Modern Anomaly,Kureze Effect,2022-02-19,La Paz,La Paz,Bolivia,2455,25,Kureze Effect,
Modern Anomaly,Kureze Effect,2022-02-19,Salzburg,Salzburg,Austria,35,2440,Kureze Effect,
Modern Anomaly,Kureze Effect,2022-02-19,Gibraltar,Gibraltar,Gibraltar,610,1865,Kureze Effect,
Modern Anomaly,Kureze Effect,2022-02-19,,Tyumen Oblast,Russia,315,2160,Kureze Effect,
Modern Anomaly,Kureze Effect,2022-02-19,Almeria,Andalusia,Spain,1565,910,Kureze Effect,
Modern Anomaly,Kureze Effect,2022-02-19,San Diego,California,United States,2465,10,Kureze Effect,
Modern Anomaly,Kureze Effect,2022-02-19,Copiapó,Atacama Region,Chile,2310,155,Kureze Effect,
Modern Anomaly,Kureze Effect,2022-02-19,Milan,Lombardy,Italy,2395,25,Kureze Effect,
Modern Anomaly,Kureze Effect,2022-02-19,Reus,Catalonia,Spain,420,1990,Kureze Effect,
Modern Anomaly,Kureze Effect,2022-02-19,Ulyanovsk,Ulyanovsk Oblast,Russia,2395,10,Kureze Effect,
Modern Anomaly,Kureze Effect,2022-02-19,Hof,Bavaria,Germany,0,2385,Kureze Effect,
Modern Anomaly,Kureze Effect,2022-02-19,Alkmaar,North Holland,Netherlands,405,1980,Kureze Effect,
Modern Anomaly,Kureze Effect,2022-02-19,"Hokitika,",West Coast,New Zealand,2385,0,Kureze Effect,
Modern Anomaly,Kureze Effect,2022-02-19,Buenos Aires,Autonomous City of Buenos Aires,Argentina,2290,85,Kureze Effect,
Modern Anomaly,Kureze Effect,2022-02-19,,Central Java,Indonesia,2005,370,Kureze Effect,
Modern Anomaly,Kureze Effect,2022-02-19,Honolulu,Hawaii,United States,2290,85,Kureze Effect,
Modern Anomaly,Kureze Effect,2022-02-19,,Zhejiang,China,75,2265,Kureze Effect,
Modern Anomaly,Kureze Effect,2022-02-19,León,Castile and León,Spain,180,2160,Kureze Effect,
Modern Anomaly,Kureze Effect,2022-02-19,Mo i Rana,Nordland,Norway,90,2245,Kureze Effect,
Modern Anomaly,Kureze Effect,2022-02-19,Hopkinton,Massachusetts,United States,1845,480,Kureze Effect,
Modern Anomaly,Kureze Effect,2022-02-19,Granada,Andalusia,Spain,1710,605,Kureze Effect,
Modern Anomaly,Kureze Effect,2022-02-19,Dublin,,Ireland,490,1805,Kureze Effect,
Modern Anomaly,Kureze Effect,2022-02-19,Pasaia,Basque Country,Spain,865,1420,Kureze Effect,
Modern Anomaly,Kureze Effect,2022-02-19,Yoshkar-Ola,Mari El,Russia,990,1290,Kureze Effect,
Modern Anomaly,Kureze Effect,2022-02-19,Huaraz,Ancash,Peru,165,2110,Kureze Effect,
Modern Anomaly,Kureze Effect,2022-02-19,Thessaloniki Municipal Unit,Central Macedonia,Greece,115,2155,Kureze Effect,
Modern Anomaly,Kureze Effect,2022-02-19,Osorno,De Los Lagos,Chile,240,2025,Kureze Effect,
Modern Anomaly,Kureze Effect,2022-02-19,,Metro Manila,Philippines,2215,50,Kureze Effect,
Modern Anomaly,Kureze Effect,2022-02-19,East Lansing,Michigan,United States,2250,0,Kureze Effect,
Modern Anomaly,Kureze Effect,2022-02-19,Bloomington,Minnesota,United States,80,2170,Kureze Effect,
Modern Anomaly,Kureze Effect,2022-02-19,Martinsburg,West Virginia,United States,1380,865,Kureze Effect,
Modern Anomaly,Kureze Effect,2022-02-19,Nevinnomyssk,Stavropol Krai,Russia,1720,520,Kureze Effect,
Modern Anomaly,Kureze Effect,2022-02-19,,Western Visayas,Philippines,1250,965,Kureze Effect,
Modern Anomaly,Kureze Effect,2022-02-19,Ajaccio,Corsica,France,20,2185,Kureze Effect,
Modern Anomaly,Kureze Effect,2022-02-19,Reynosa,Tamaulipas,Mexico,1660,545,Kureze Effect,
Modern Anomaly,Kureze Effect,2022-02-19,Lambayeque,Lambayeque,Peru,380,1825,Kureze Effect,
Modern Anomaly,Kureze Effect,2022-02-19,Arkhangelsk,Arkhangelsk Oblast,Russia,1935,270,Kureze Effect,
Modern Anomaly,Kureze Effect,2022-02-19,Rouen,Normandy,France,25,2170,Kureze Effect,
Modern Anomaly,Kureze Effect,2022-02-19,Toronto,Ontario,Canada,1865,320,Kureze Effect,
Modern Anomaly,Kureze Effect,2022-02-19,Yonago,Tottori Prefecture,Japan,115,2060,Kureze Effect,
Modern Anomaly,Kureze Effect,2022-02-19,Gävle,Gavleborg,Sweden,1475,695,Kureze Effect,
Modern Anomaly,Kureze Effect,2022-02-19,Heraklion,Crete,Greece,2120,45,Kureze Effect,
Modern Anomaly,Kureze Effect,2022-02-19,Rio de Janeiro,Southeast,Brazil,0,2160,Kureze Effect,
Modern Anomaly,Kureze Effect,2022-02-19,Mississippi Mills,Ontario,Canada,810,1350,Kureze Effect,
Modern Anomaly,Kureze Effect,2022-02-19,,Kyeongki-Do,South Korea,1325,815,Kureze Effect,
Modern Anomaly,Kureze Effect,2022-02-19,Fukuyama,Hiroshima Prefecture,Japan,2115,0,Kureze Effect,
Modern Anomaly,Kureze Effect,2022-02-19,Emmen,Drenthe,Netherlands,10,2105,Kureze Effect,
Modern Anomaly,Kureze Effect,2022-02-19,Los Angeles,California,United States,2095,20,Kureze Effect,
Modern Anomaly,Kureze Effect,2022-02-19,Peru,Indiana,United States,1520,595,Kureze Effect,
Modern Anomaly,Kureze Effect,2022-02-19,Brasilia,Central-West,Brazil,795,1285,Kureze Effect,
Modern Anomaly,Kureze Effect,2022-02-19,Canberra,Australian Capital Territory,Australia,35,2035,Kureze Effect,
Modern Anomaly,Kureze Effect,2022-02-19,Tula,Tula Oblast,Russia,95,1975,Kureze Effect,
Modern Anomaly,Kureze Effect,2022-02-19,Reno,Nevada,United States,1830,240,Kureze Effect,
Modern Anomaly,Kureze Effect,2022-02-19,Aubière,Auvergne-Rhône-Alpes,France,2020,45,Kureze Effect,
Modern Anomaly,Kureze Effect,2022-02-19,Ipswich,Queensland,Australia,150,1895,Kureze Effect,
Modern Anomaly,Kureze Effect,2022-02-19,Sochi,Krasnodar Krai,Russia,1135,910,Kureze Effect,
Modern Anomaly,Kureze Effect,2022-02-19,,Daegu,South Korea,2025,0,Kureze Effect,
Modern Anomaly,Kureze Effect,2022-02-19,Austin,Texas,United States,2025,0,Kureze Effect,
Modern Anomaly,Kureze Effect,2022-02-19,Roanoke,Virginia,United States,2015,10,Kureze Effect,
Modern Anomaly,Kureze Effect,2022-02-19,Blagnac,Occitania,France,135,1880,Kureze Effect,
Modern Anomaly,Kureze Effect,2022-02-19,Ascona,Ticino,Switzerland,50,1965,Kureze Effect,
Modern Anomaly,Kureze Effect,2022-02-19,Champaign,Illinois,United States,370,1630,Kureze Effect,
Modern Anomaly,Kureze Effect,2022-02-19,Vitória,Espírito Santo,Brazil,10,1970,Kureze Effect,
Modern Anomaly,Kureze Effect,2022-02-19,Kamloops,British Columbia,Canada,1485,495,Kureze Effect,
Modern Anomaly,Kureze Effect,2022-02-19,Seinäjoki,Mainland Finland,Finland,225,1755,Kureze Effect,
Modern Anomaly,Kureze Effect,2022-02-19,Valencia,Valencian Community,Spain,635,1345,Kureze Effect,
Modern Anomaly,Kureze Effect,2022-02-19,,Jiangsu,China,0,1935,Kureze Effect,
Modern Anomaly,Kureze Effect,2022-02-19,Morro Bay,California,United States,1935,0,Kureze Effect,
Modern Anomaly,Kureze Effect,2022-02-19,,Dubai,United Arab Emirates,1060,860,Kureze Effect,
Modern Anomaly,Kureze Effect,2022-02-19,,Yunnan,China,1835,80,Kureze Effect,
Modern Anomaly,Kureze Effect,2022-02-19,Sundsvall,Vasternorrland,Sweden,1440,450,Kureze Effect,
Modern Anomaly,Kureze Effect,2022-02-19,Aberdeen,Washington,United States,1845,20,Kureze Effect,
Modern Anomaly,Kureze Effect,2022-02-19,WB,West Bengal,India,885,970,Kureze Effect,
Modern Anomaly,Kureze Effect,2022-02-19,San Pedro,San Jose Province,Costa Rica,1845,0,Kureze Effect,
Modern Anomaly,Kureze Effect,2022-02-19,Passau,Bavaria,Germany,1845,0,Kureze Effect,
Modern Anomaly,Kureze Effect,2022-02-19,Klaipėda,Klaipeda County,Lithuania,45,1800,Kureze Effect,
Modern Anomaly,Kureze Effect,2022-02-19,Mexico City,Ciudad de México,Mexico,0,1845,Kureze Effect,
Modern Anomaly,Kureze Effect,2022-02-19,Cleveland,Ohio,United States,1805,40,Kureze Effect,
Modern Anomaly,Kureze Effect,2022-02-19,Salem,Oregon,United States,1845,0,Kureze Effect,
Modern Anomaly,Kureze Effect,2022-02-19,Norfolk,Virginia,United States,1700,145,Kureze Effect,
Modern Anomaly,Kureze Effect,2022-02-19,Santo Domingo,Distrito Nacional,Dominican Republic,1080,760,Kureze Effect,
Modern Anomaly,Kureze Effect,2022-02-19,Curitiba,South,Brazil,255,1545,Kureze Effect,
Modern Anomaly,Kureze Effect,2022-02-19,Ruse,Ruse,Bulgaria,1800,0,Kureze Effect,
Modern Anomaly,Kureze Effect,2022-02-19,Angers,Pays de la Loire,France,1655,145,Kureze Effect,
Modern Anomaly,Kureze Effect,2022-02-19,Vladimir,Vladimir Oblast,Russia,1685,115,Kureze Effect,
Modern Anomaly,Kureze Effect,2022-02-19,Zaporizhzhia,Zaporizhia Oblast,Ukraine,0,1800,Kureze Effect,
Modern Anomaly,Kureze Effect,2022-02-19,Reedy Creek Improvement District,Florida,United States,0,1800,Kureze Effect,
Modern Anomaly,Kureze Effect,2022-02-19,Winchester,Virginia,United States,520,1280,Kureze Effect,
Modern Anomaly,Kureze Effect,2022-02-19,,Special Region of Yogyakarta,Indonesia,1025,755,Kureze Effect,
Modern Anomaly,Kureze Effect,2022-02-19,Curanilahue,Del Bio-Bio,Chile,450,1320,Kureze Effect,
Modern Anomaly,Kureze Effect,2022-02-19,Petrozavodsk,Karelia,Russia,1490,265,Kureze Effect,
Modern Anomaly,Kureze Effect,2022-02-19,Skowhegan,Maine,United States,0,1755,Kureze Effect,
Modern Anomaly,Kureze Effect,2022-02-19,,Perm Krai,Russia,440,1305,Kureze Effect,
Modern Anomaly,Kureze Effect,2022-02-19,Samara,Samara Oblast,Russia,1655,90,Kureze Effect,
Modern Anomaly,Kureze Effect,2022-02-19,TG,Telangana,India,320,1410,Kureze Effect,
Modern Anomaly,Kureze Effect,2022-02-19,Cheyenne,Wyoming,United States,1675,55,Kureze Effect,
Modern Anomaly,Kureze Effect,2022-02-19,Chimbote,Ancash,Peru,930,790,Kureze Effect,
Modern Anomaly,Kureze Effect,2022-02-19,,Fujian,China,0,1710,Kureze Effect,
Modern Anomaly,Kureze Effect,2022-02-19,,Chelyabinsk,Russia,1360,350,Kureze Effect,
Modern Anomaly,Kureze Effect,2022-02-19,Rennes,Brittany,France,1665,0,Kureze Effect,
Modern Anomaly,Kureze Effect,2022-02-19,Kinokawa,Wakayama Prefecture,Japan,575,1090,Kureze Effect,
Modern Anomaly,Kureze Effect,2022-02-19,Seattle,Washington,United States,135,1530,Kureze Effect,
Modern Anomaly,Kureze Effect,2022-02-19,Kristiansand,,Norway,775,880,Kureze Effect,
Modern Anomaly,Kureze Effect,2022-02-19,,Bangkok,Thailand,1570,80,Kureze Effect,
Modern Anomaly,Kureze Effect,2022-02-19,Mexico City,,Mexico,10,1610,Kureze Effect,
Modern Anomaly,Kureze Effect,2022-02-19,Porsgrunn,,Norway,0,1620,Kureze Effect,
Modern Anomaly,Kureze Effect,2022-02-19,Naro-Fominsk,Moscow Oblast,Russia,1005,615,Kureze Effect,
Modern Anomaly,Kureze Effect,2022-02-19,Paradise,Nevada,United States,45,1570,Kureze Effect,
Modern Anomaly,Kureze Effect,2022-02-19,Kirov,Kirov,Russia,895,715,Kureze Effect,
Modern Anomaly,Kureze Effect,2022-02-19,Dourados,Mato Grosso do Sul,Brazil,980,620,Kureze Effect,
Modern Anomaly,Kureze Effect,2022-02-19,MH,Maharashtra,India,375,1225,Kureze Effect,
Modern Anomaly,Kureze Effect,2022-02-19,Volgograd,Volgograd,Russia,1150,445,Kureze Effect,
Modern Anomaly,Kureze Effect,2022-02-19,Cordoba,Córdoba,Argentina,1165,420,Kureze Effect,
Modern Anomaly,Kureze Effect,2022-02-19,Hilo,Hawaii,United States,1165,420,Kureze Effect,
Modern Anomaly,Kureze Effect,2022-02-19,Askim,Viken,Norway,0,1575,Kureze Effect,
Modern Anomaly,Kureze Effect,2022-02-19,Bundaberg,Queensland,Australia,1340,225,Kureze Effect,
Modern Anomaly,Kureze Effect,2022-02-19,Oulu,Mainland Finland,Finland,180,1350,Kureze Effect,
Modern Anomaly,Kureze Effect,2022-02-19,Chișinau,,Moldova,0,1530,Kureze Effect,
Modern Anomaly,Kureze Effect,2022-02-19,Łowicz,Łódź Voivodeship,Poland,0,1530,Kureze Effect,
Modern Anomaly,Kureze Effect,2022-02-19,Louisville,Kentucky,United States,10,1520,Kureze Effect,
Modern Anomaly,Kureze Effect,2022-02-19,Livonia,Michigan,United States,1240,290,Kureze Effect,
Modern Anomaly,Kureze Effect,2022-02-19,Delaware,Ohio,United States,30,1500,Kureze Effect,
Modern Anomaly,Kureze Effect,2022-02-19,Cedar City,Utah,United States,10,1520,Kureze Effect,
Modern Anomaly,Kureze Effect,2022-02-19,,West Sumatra,Indonesia,1520,0,Kureze Effect,
Modern Anomaly,Kureze Effect,2022-02-19,,Magdalena,Colombia,1345,170,Kureze Effect,
Modern Anomaly,Kureze Effect,2022-02-19,Glasgow,Scotland,United Kingdom,1070,420,Kureze Effect,
Modern Anomaly,Kureze Effect,2022-02-19,Iquitos,Loreto,Peru,1450,35,Kureze Effect,
Modern Anomaly,Kureze Effect,2022-02-19,Visalia,California,United States,1485,0,Kureze Effect,
Modern Anomaly,Kureze Effect,2022-02-19,Zurich,Zurich,Switzerland,430,1045,Kureze Effect,
Modern Anomaly,Kureze Effect,2022-02-19,Ann Arbor,Michigan,United States,225,1190,Kureze Effect,
Modern Anomaly,Kureze Effect,2022-02-19,Nashville,Tennessee,United States,1345,65,Kureze Effect,
Modern Anomaly,Kureze Effect,2022-02-19,Arequipa,Arequipa,Peru,950,455,Kureze Effect,
Modern Anomaly,Kureze Effect,2022-02-19,Vladivostok,Primorsky Krai,Russia,860,545,Kureze Effect,
Modern Anomaly,Kureze Effect,2022-02-19,Mendoza,Mendoza,Argentina,1055,340,Kureze Effect,
Modern Anomaly,Kureze Effect,2022-02-19,Calgary,Alberta,Canada,1080,315,Kureze Effect,
Modern Anomaly,Kureze Effect,2022-02-19,Edmonton,Alberta,Canada,1395,0,Kureze Effect,
Modern Anomaly,Kureze Effect,2022-02-19,New Westminster,British Columbia,Canada,1130,265,Kureze Effect,
Modern Anomaly,Kureze Effect,2022-02-19,Parksville,British Columbia,Canada,1055,340,Kureze Effect,
Modern Anomaly,Kureze Effect,2022-02-19,Trani,Apulia,Italy,0,1395,Kureze Effect,
Modern Anomaly,Kureze Effect,2022-02-19,Tirano,Lombardy,Italy,0,1395,Kureze Effect,
Modern Anomaly,Kureze Effect,2022-02-19,,Irkutsk Oblast,Russia,475,910,Kureze Effect,
Modern Anomaly,Kureze Effect,2022-02-19,Quillota,Valparaiso Region,Chile,10,1370,Kureze Effect,
Modern Anomaly,Kureze Effect,2022-02-19,Christchurch,Canterbury,New Zealand,765,615,Kureze Effect,
Modern Anomaly,Kureze Effect,2022-02-19,Recife,Pernambuco,Brazil,0,1350,Kureze Effect,
Modern Anomaly,Kureze Effect,2022-02-19,Montpellier,Occitania,France,1350,0,Kureze Effect,
Modern Anomaly,Kureze Effect,2022-02-19,El Progreso,Yoro,Honduras,745,605,Kureze Effect,
Modern Anomaly,Kureze Effect,2022-02-19,,Khabarovsk,Russia,1350,0,Kureze Effect,
Modern Anomaly,Kureze Effect,2022-02-19,Sioux Falls,South Dakota,United States,1350,0,Kureze Effect,
Modern Anomaly,Kureze Effect,2022-02-19,Tromsø,,Norway,70,1270,Kureze Effect,
Modern Anomaly,Kureze Effect,2022-02-19,Quartu Sant'Elena,Sardinia,Italy,725,610,Kureze Effect,
Modern Anomaly,Kureze Effect,2022-02-19,Guadalajara,Jalisco,Mexico,380,955,Kureze Effect,
Modern Anomaly,Kureze Effect,2022-02-19,Vitsebsk,Vitsebsk Region,Belarus,1330,0,Kureze Effect,
Modern Anomaly,Kureze Effect,2022-02-19,Ostend,West Flanders,Belgium,1320,10,Kureze Effect,
Modern Anomaly,Kureze Effect,2022-02-19,Mount Barker,South Australia,Australia,945,360,Kureze Effect,
Modern Anomaly,Kureze Effect,2022-02-19,Grenoble,Auvergne-Rhône-Alpes,France,1305,0,Kureze Effect,
Modern Anomaly,Kureze Effect,2022-02-19,Obihiro,Hokkaido Prefecture,Japan,140,1165,Kureze Effect,
Modern Anomaly,Kureze Effect,2022-02-19,Girona,Catalonia,Spain,1305,0,Kureze Effect,
Modern Anomaly,Kureze Effect,2022-02-19,Mablethorpe and Sutton,England,United Kingdom,1175,130,Kureze Effect,
Modern Anomaly,Kureze Effect,2022-02-19,Lake Buena Vista,Florida,United States,450,855,Kureze Effect,
Modern Anomaly,Kureze Effect,2022-02-19,Kailua Kona,Hawaii,United States,900,405,Kureze Effect,
Modern Anomaly,Kureze Effect,2022-02-19,Bryansk,Bryansk Oblast,Russia,640,640,Kureze Effect,
Modern Anomaly,Kureze Effect,2022-02-19,Locmaria-Plouzané,Brittany,France,1080,180,Kureze Effect,
Modern Anomaly,Kureze Effect,2022-02-19,Chitose,Hokkaido Prefecture,Japan,40,1220,Kureze Effect,
Modern Anomaly,Kureze Effect,2022-02-19,Kitami,Hokkaido Prefecture,Japan,1230,30,Kureze Effect,
Modern Anomaly,Kureze Effect,2022-02-19,Cordova,Andalusia,Spain,1190,70,Kureze Effect,
Modern Anomaly,Kureze Effect,2022-02-19,,Songkhla Province,Thailand,1260,0,Kureze Effect,
Modern Anomaly,Kureze Effect,2022-02-19,Aachen,North Rhine-Westphalia,Germany,0,1215,Kureze Effect,
Modern Anomaly,Kureze Effect,2022-02-19,Vinnytsia,Vinnytsia,Ukraine,450,765,Kureze Effect,
Modern Anomaly,Kureze Effect,2022-02-19,Tallahassee,Florida,United States,1215,0,Kureze Effect,
Modern Anomaly,Kureze Effect,2022-02-19,Grand Rapids,Michigan,United States,1215,0,Kureze Effect,
Modern Anomaly,Kureze Effect,2022-02-19,Rochester,New York,United States,1215,0,Kureze Effect,
Modern Anomaly,Kureze Effect,2022-02-19,Christchurch,Canterbury,New Zealand,90,1115,Kureze Effect,
Modern Anomaly,Kureze Effect,2022-02-19,El Copé,Coclé,Panama,45,1160,Kureze Effect,
Modern Anomaly,Kureze Effect,2022-02-19,Mariupol,Donetsk Oblast,Ukraine,830,365,Kureze Effect,
Modern Anomaly,Kureze Effect,2022-02-19,Tucson,Arizona,United States,1150,20,Kureze Effect,
Modern Anomaly,Kureze Effect,2022-02-19,Temuco,De La Araucania,Chile,0,1160,Kureze Effect,
Modern Anomaly,Kureze Effect,2022-02-19,Rivne,Rivne Oblast,Ukraine,1090,70,Kureze Effect,
Modern Anomaly,Kureze Effect,2022-02-19,Hakodate,Hokkaido Prefecture,Japan,1065,60,Kureze Effect,
Modern Anomaly,Kureze Effect,2022-02-19,District of Ružomberok,Region of Žilina,Slovakia,1125,0,Kureze Effect,
Modern Anomaly,Kureze Effect,2022-02-19,Savannah,Georgia,United States,1125,0,Kureze Effect,
Modern Anomaly,Kureze Effect,2022-02-19,Boise,Idaho,United States,0,1125,Kureze Effect,
Modern Anomaly,Kureze Effect,2022-02-19,New Orleans,Louisiana,United States,0,1125,Kureze Effect,
Modern Anomaly,Kureze Effect,2022-02-19,Pleasant Grove,Utah,United States,275,835,Kureze Effect,
Modern Anomaly,Kureze Effect,2022-02-19,Perímetro Urbano Ibagué,Tolima,Colombia,1080,0,Kureze Effect,
Modern Anomaly,Kureze Effect,2022-02-19,Chavagnac,New Aquitaine,France,1080,0,Kureze Effect,
Modern Anomaly,Kureze Effect,2022-02-19,San Cristóbal de las Casas,Chiapas,Mexico,1080,0,Kureze Effect,
Modern Anomaly,Kureze Effect,2022-02-19,Newcastle upon Tyne,England,United Kingdom,0,1080,Kureze Effect,
Modern Anomaly,Kureze Effect,2022-02-19,Salinas,California,United States,625,445,Kureze Effect,
Modern Anomaly,Kureze Effect,2022-02-19,Reykjavik,,Iceland,25,1040,Kureze Effect,
Modern Anomaly,Kureze Effect,2022-02-19,Rodez,Occitania,France,90,945,Kureze Effect,
Modern Anomaly,Kureze Effect,2022-02-19,,East Java,Indonesia,1035,0,Kureze Effect,
Modern Anomaly,Kureze Effect,2022-02-19,Tehuacán,Puebla,Mexico,495,540,Kureze Effect,
Modern Anomaly,Kureze Effect,2022-02-19,Kalmar,Kalmar,Sweden,0,1035,Kureze Effect,
Modern Anomaly,Kureze Effect,2022-02-19,,Novosibirsk Oblast,Russia,0,1015,Kureze Effect,
Modern Anomaly,Kureze Effect,2022-02-19,Baton Rouge,Louisiana,United States,150,860,Kureze Effect,
Modern Anomaly,Kureze Effect,2022-02-19,Oaxaca,Oaxaca,Mexico,435,560,Kureze Effect,
Modern Anomaly,Kureze Effect,2022-02-19,Bordeaux,New Aquitaine,France,45,945,Kureze Effect,
Modern Anomaly,Kureze Effect,2022-02-19,Trondheim,Trøndelag,Norway,0,990,Kureze Effect,
Modern Anomaly,Kureze Effect,2022-02-19,Coimbra,,Portugal,0,990,Kureze Effect,
Modern Anomaly,Kureze Effect,2022-02-19,Erie,Pennsylvania,United States,975,15,Kureze Effect,
Modern Anomaly,Kureze Effect,2022-02-19,Columbia,South Carolina,United States,195,795,Kureze Effect,
Modern Anomaly,Kureze Effect,2022-02-19,Bryan,Texas,United States,875,115,Kureze Effect,
Modern Anomaly,Kureze Effect,2022-02-19,La Plata,Buenos Aires,Argentina,900,70,Kureze Effect,
Modern Anomaly,Kureze Effect,2022-02-19,Belém,Pará,Brazil,630,315,Kureze Effect,
Modern Anomaly,Kureze Effect,2022-02-19,Calama,De Antofagasta,Chile,0,945,Kureze Effect,
Modern Anomaly,Kureze Effect,2022-02-19,Teramo,Abruzzo,Italy,120,825,Kureze Effect,
Modern Anomaly,Kureze Effect,2022-02-19,Triest,Friuli-Venezia Giulia,Italy,720,225,Kureze Effect,
Modern Anomaly,Kureze Effect,2022-02-19,Fort Lauderdale,Florida,United States,945,0,Kureze Effect,
Modern Anomaly,Kureze Effect,2022-02-19,Omaha,Nebraska,United States,375,570,Kureze Effect,
Modern Anomaly,Kureze Effect,2022-02-19,Wetumpka,Alabama,United States,785,120,Kureze Effect,
Modern Anomaly,Kureze Effect,2022-02-19,Sagrada Familia,Del Maule,Chile,600,300,Kureze Effect,
Modern Anomaly,Kureze Effect,2022-02-19,Sevastopol,Crimea,,720,180,Kureze Effect,
Modern Anomaly,Kureze Effect,2022-02-19,,Colombo,Sri Lanka,900,0,Kureze Effect,
Modern Anomaly,Kureze Effect,2022-02-19,Sandy Bay,Tasmania,Australia,135,755,Kureze Effect,
Modern Anomaly,Kureze Effect,2022-02-19,,Chelyabinsk Oblast,Russia,730,160,Kureze Effect,
Modern Anomaly,Kureze Effect,2022-02-19,New Plymouth,Taranaki,New Zealand,750,115,Kureze Effect,
Modern Anomaly,Kureze Effect,2022-02-19,Campinas,Southeast,Brazil,0,855,Kureze Effect,
Modern Anomaly,Kureze Effect,2022-02-19,Santo Domingo,Distrito Nacional,Dominican Republic,135,720,Kureze Effect,
Modern Anomaly,Kureze Effect,2022-02-19,Békés,Southern Great Plain,Hungary,0,855,Kureze Effect,
Modern Anomaly,Kureze Effect,2022-02-19,Dunedin,Otago,New Zealand,855,0,Kureze Effect,
Modern Anomaly,Kureze Effect,2022-02-19,Tarma,Junín,Peru,855,0,Kureze Effect,
Modern Anomaly,Kureze Effect,2022-02-19,,Central Visayas,Philippines,0,855,Kureze Effect,
Modern Anomaly,Kureze Effect,2022-02-19,Stargard,West Pomeranian Voivodeship,Poland,855,0,Kureze Effect,
Modern Anomaly,Kureze Effect,2022-02-19,Stari Grad Urban Municipality,Central Serbia,Serbia,855,0,Kureze Effect,
Modern Anomaly,Kureze Effect,2022-02-19,Voronezh,Voronezh Oblast,Russia,280,565,Kureze Effect,
Modern Anomaly,Kureze Effect,2022-02-19,Florence,Tuscany,Italy,0,810,Kureze Effect,
Modern Anomaly,Kureze Effect,2022-02-19,Tavira Municipality,Faro,Portugal,810,0,Kureze Effect,
Modern Anomaly,Kureze Effect,2022-02-19,Krasnodar,Krasnodar Krai,Russia,630,180,Kureze Effect,
Modern Anomaly,Kureze Effect,2022-02-19,Irpin,Kyiv Oblast,Ukraine,360,450,Kureze Effect,
Modern Anomaly,Kureze Effect,2022-02-19,Chicago,Illinois,United States,205,595,Kureze Effect,
Modern Anomaly,Kureze Effect,2022-02-19,Warrnambool,Victoria,Australia,50,715,Kureze Effect,
Modern Anomaly,Kureze Effect,2022-02-19,Farsund,,Norway,0,765,Kureze Effect,
Modern Anomaly,Kureze Effect,2022-02-19,Littleton,Colorado,United States,765,0,Kureze Effect,
Modern Anomaly,Kureze Effect,2022-02-19,Tegucigalpa,Francisco Morazán,Honduras,240,515,Kureze Effect,
Modern Anomaly,Kureze Effect,2022-02-19,Athens,Attica,Greece,540,200,Kureze Effect,
Modern Anomaly,Kureze Effect,2022-02-19,Lins,Southeast,Brazil,0,720,Kureze Effect,
Modern Anomaly,Kureze Effect,2022-02-19,Plovdiv,Plovdiv,Bulgaria,720,0,Kureze Effect,
Modern Anomaly,Kureze Effect,2022-02-19,,Fujian,China,0,720,Kureze Effect,
Modern Anomaly,Kureze Effect,2022-02-19,Medellín,Antioquia,Colombia,40,680,Kureze Effect,
Modern Anomaly,Kureze Effect,2022-02-19,San Miguel,Departamento de San Miguel,El Salvador,630,90,Kureze Effect,
Modern Anomaly,Kureze Effect,2022-02-19,WB,West Bengal,India,720,0,Kureze Effect,
Modern Anomaly,Kureze Effect,2022-02-19,Sarov,Nizhny Novgorod Oblast,Russia,720,0,Kureze Effect,
Modern Anomaly,Kureze Effect,2022-02-19,Exeter,England,United Kingdom,75,645,Kureze Effect,
Modern Anomaly,Kureze Effect,2022-02-19,Charlotte,North Carolina,United States,405,315,Kureze Effect,
Modern Anomaly,Kureze Effect,2022-02-19,Antofagasta,Antofagasta Region,Chile,0,695,Kureze Effect,
Modern Anomaly,Kureze Effect,2022-02-19,Saratov,Saratov Oblast,Russia,695,0,Kureze Effect,
Modern Anomaly,Kureze Effect,2022-02-19,Tambov,Tambov Oblast,Russia,405,270,Kureze Effect,
Modern Anomaly,Kureze Effect,2022-02-19,Karlstad,,Sweden,0,675,Kureze Effect,
Modern Anomaly,Kureze Effect,2022-02-19,Ivano-Frankivsk,Ivano-Frankivsk Oblast,Ukraine,0,675,Kureze Effect,
Modern Anomaly,Kureze Effect,2022-02-19,Oryol,Oryol Oblast,Russia,520,135,Kureze Effect,
Modern Anomaly,Kureze Effect,2022-02-19,Parnamirim,Northeast,Brazil,100,545,Kureze Effect,
Modern Anomaly,Kureze Effect,2022-02-19,Mexicali,Baja California,Mexico,440,200,Kureze Effect,
Modern Anomaly,Kureze Effect,2022-02-19,Goiania,Central-West,Brazil,0,630,Kureze Effect,
Modern Anomaly,Kureze Effect,2022-02-19,Sao Jose do Rio Preto,Southeast,Brazil,500,130,Kureze Effect,
Modern Anomaly,Kureze Effect,2022-02-19,Nice,Provence-Alpes-Cote d'Azur,France,630,0,Kureze Effect,
Modern Anomaly,Kureze Effect,2022-02-19,Bergamo,Lombardy,Italy,630,0,Kureze Effect,
Modern Anomaly,Kureze Effect,2022-02-19,Atlanta,Georgia,United States,630,0,Kureze Effect,
Modern Anomaly,Kureze Effect,2022-02-19,Tver,Tver Oblast,Russia,325,285,Kureze Effect,
Modern Anomaly,Kureze Effect,2022-02-19,Burlington,Vermont,United States,250,360,Kureze Effect,
Modern Anomaly,Kureze Effect,2022-02-19,Huacho,Lima,Peru,355,250,Kureze Effect,
Modern Anomaly,Kureze Effect,2022-02-19,Redcliffe,Queensland,Australia,585,0,Kureze Effect,
Modern Anomaly,Kureze Effect,2022-02-19,,Jiangsu,China,0,585,Kureze Effect,
Modern Anomaly,Kureze Effect,2022-02-19,Troyes,Grand Est,France,0,585,Kureze Effect,
Modern Anomaly,Kureze Effect,2022-02-19,Kecskemét,Southern Great Plain,Hungary,565,20,Kureze Effect,
Modern Anomaly,Kureze Effect,2022-02-19,,East Java,Indonesia,0,585,Kureze Effect,
Modern Anomaly,Kureze Effect,2022-02-19,Civitanova Marche,Marche,Italy,20,565,Kureze Effect,
Modern Anomaly,Kureze Effect,2022-02-19,Padua,Veneto,Italy,80,505,Kureze Effect,
Modern Anomaly,Kureze Effect,2022-02-19,Angra (São Pedro),Azores,Portugal,205,380,Kureze Effect,
Modern Anomaly,Kureze Effect,2022-02-19,Petropavlovsk-Kamchatsky,Kamchatka Krai,Russia,585,0,Kureze Effect,
Modern Anomaly,Kureze Effect,2022-02-19,Kazan,Tatarstan,Russia,80,505,Kureze Effect,
Modern Anomaly,Kureze Effect,2022-02-19,Topeka,Kansas,United States,585,0,Kureze Effect,
Modern Anomaly,Kureze Effect,2022-02-19,Poughkeepsie,New York,United States,585,0,Kureze Effect,
Modern Anomaly,Kureze Effect,2022-02-19,Fayetteville,North Carolina,United States,585,0,Kureze Effect,
Modern Anomaly,Kureze Effect,2022-02-19,Riverside,Ohio,United States,585,0,Kureze Effect,
Modern Anomaly,Kureze Effect,2022-02-19,Miyazu,Kyoto Prefecture,Japan,270,285,Kureze Effect,
Modern Anomaly,Kureze Effect,2022-02-19,Navegantes,South,Brazil,540,0,Kureze Effect,
Modern Anomaly,Kureze Effect,2022-02-19,Playa del Carmen,Quintana Roo,Mexico,0,540,Kureze Effect,
Modern Anomaly,Kureze Effect,2022-02-19,Telman settlement,Leningrad Oblast,Russia,400,140,Kureze Effect,
Modern Anomaly,Kureze Effect,2022-02-19,Madison,Wisconsin,United States,0,540,Kureze Effect,
Modern Anomaly,Kureze Effect,2022-02-19,São Luís,Maranhão,Brazil,495,0,Kureze Effect,
Modern Anomaly,Kureze Effect,2022-02-19,Aalborg,North Jutland,Denmark,495,0,Kureze Effect,
Modern Anomaly,Kureze Effect,2022-02-19,Manta,Manabí,Ecuador,0,495,Kureze Effect,
Modern Anomaly,Kureze Effect,2022-02-19,Baños de Agua Santa,Tungurahua,Ecuador,495,0,Kureze Effect,
Modern Anomaly,Kureze Effect,2022-02-19,Tbilisi,Tbilisi,Georgia,0,495,Kureze Effect,
Modern Anomaly,Kureze Effect,2022-02-19,Athlone,The Municipal District of Athlone — Moate,Ireland,0,495,Kureze Effect,
Modern Anomaly,Kureze Effect,2022-02-19,Shimoda,Shizuoka Prefecture,Japan,495,0,Kureze Effect,
Modern Anomaly,Kureze Effect,2022-02-19,Elverum,Innlandet,Norway,495,0,Kureze Effect,
Modern Anomaly,Kureze Effect,2022-02-19,District of Svidník,Region of Prešov,Slovakia,495,0,Kureze Effect,
Modern Anomaly,Kureze Effect,2022-02-19,Malaga,Andalusia,Spain,360,135,Kureze Effect,
Modern Anomaly,Kureze Effect,2022-02-19,Chico,California,United States,450,45,Kureze Effect,
Modern Anomaly,Kureze Effect,2022-02-19,Naples,Florida,United States,465,30,Kureze Effect,
Modern Anomaly,Kureze Effect,2022-02-19,Miami,Oklahoma,United States,475,0,Kureze Effect,
Modern Anomaly,Kureze Effect,2022-02-19,Winnipeg,Manitoba,Canada,320,130,Kureze Effect,
Modern Anomaly,Kureze Effect,2022-02-19,Santiago de los Caballeros,Santiago,Dominican Republic,35,415,Kureze Effect,
Modern Anomaly,Kureze Effect,2022-02-19,Arzamas,Nizhny Novgorod Oblast,Russia,450,0,Kureze Effect,
Modern Anomaly,Kureze Effect,2022-02-19,Penza,Penza Oblast,Russia,340,110,Kureze Effect,
Modern Anomaly,Kureze Effect,2022-02-19,Visby,Gotland,Sweden,450,0,Kureze Effect,
Modern Anomaly,Kureze Effect,2022-02-19,,Dhaka Division,Bangladesh,360,80,Kureze Effect,
Modern Anomaly,Kureze Effect,2022-02-19,Gainesville,Florida,United States,440,0,Kureze Effect,
Modern Anomaly,Kureze Effect,2022-02-19,Middlebury,Vermont,United States,315,125,Kureze Effect,
Modern Anomaly,Kureze Effect,2022-02-19,,Gorontalo,Indonesia,430,0,Kureze Effect,
Modern Anomaly,Kureze Effect,2022-02-19,Blumenau,Santa Catarina,Brazil,0,405,Kureze Effect,
Modern Anomaly,Kureze Effect,2022-02-19,,North Sulawesi,Indonesia,0,405,Kureze Effect,
Modern Anomaly,Kureze Effect,2022-02-19,San Luis Potosí,San Luis Potosi,Mexico,20,385,Kureze Effect,
Modern Anomaly,Kureze Effect,2022-02-19,Mafra,Lisbon,Portugal,405,0,Kureze Effect,
Modern Anomaly,Kureze Effect,2022-02-19,Beja,,Portugal,405,0,Kureze Effect,
Modern Anomaly,Kureze Effect,2022-02-19,,Taiwan,Taiwan,405,0,Kureze Effect,
Modern Anomaly,Kureze Effect,2022-02-19,,Chiang Mai Province,Thailand,405,0,Kureze Effect,
Modern Anomaly,Kureze Effect,2022-02-19,Bloomington,Illinois,United States,20,385,Kureze Effect,
Modern Anomaly,Kureze Effect,2022-02-19,Ithaca,New York,United States,405,0,Kureze Effect,
Modern Anomaly,Kureze Effect,2022-02-19,,Guizhou,China,0,360,Kureze Effect,
Modern Anomaly,Kureze Effect,2022-02-19,Cúcuta,Norte de Santander,Colombia,0,360,Kureze Effect,
Modern Anomaly,Kureze Effect,2022-02-19,Pori,Mainland Finland,Finland,45,315,Kureze Effect,
Modern Anomaly,Kureze Effect,2022-02-19,Guatemala City,Guatemala,Guatemala,360,0,Kureze Effect,
Modern Anomaly,Kureze Effect,2022-02-19,Ponte Abbadesse,Emilia-Romagna,Italy,0,360,Kureze Effect,
Modern Anomaly,Kureze Effect,2022-02-19,Puerto Vallarta,Jalisco,Mexico,360,0,Kureze Effect,
Modern Anomaly,Kureze Effect,2022-02-19,Ryazan,Ryazan Oblast,Russia,45,315,Kureze Effect,
Modern Anomaly,Kureze Effect,2022-02-19,,Gauteng,South Africa,0,360,Kureze Effect,
Modern Anomaly,Kureze Effect,2022-02-19,Cheonjeon-dong,Jinju-si,South Korea,0,360,Kureze Effect,
Modern Anomaly,Kureze Effect,2022-02-19,Compostilla,Castile and Leon,Spain,0,360,Kureze Effect,
Modern Anomaly,Kureze Effect,2022-02-19,Badajoz,Extremadura,Spain,0,360,Kureze Effect,
Modern Anomaly,Kureze Effect,2022-02-19,Hudiksvall,Gavleborg,Sweden,0,360,Kureze Effect,
Modern Anomaly,Kureze Effect,2022-02-19,Beydağ,Aegean Region,Turkey,360,0,Kureze Effect,
Modern Anomaly,Kureze Effect,2022-02-19,Inverness,Scotland,United Kingdom,225,135,Kureze Effect,
Modern Anomaly,Kureze Effect,2022-02-19,Bloomington,Indiana,United States,0,360,Kureze Effect,
Modern Anomaly,Kureze Effect,2022-02-19,Kalamazoo,Michigan,United States,0,360,Kureze Effect,
Modern Anomaly,Kureze Effect,2022-02-19,Greensboro,North Carolina,United States,0,360,Kureze Effect,
Modern Anomaly,Kureze Effect,2022-02-19,Oklahoma City,Oklahoma,United States,10,350,Kureze Effect,
Modern Anomaly,Kureze Effect,2022-02-19,Farmers Branch,Texas,United States,360,0,Kureze Effect,
Modern Anomaly,Kureze Effect,2022-02-19,,Henan,China,15,325,Kureze Effect,
Modern Anomaly,Kureze Effect,2022-02-19,Galway,Galway City,Ireland,0,315,Kureze Effect,
Modern Anomaly,Kureze Effect,2022-02-19,Toluca,State of Mexico,Mexico,0,315,Kureze Effect,
Modern Anomaly,Kureze Effect,2022-02-19,Tauranga,Bay of Plenty,New Zealand,0,315,Kureze Effect,
Modern Anomaly,Kureze Effect,2022-02-19,Rangitikei District,Manawatu-Whanganui,New Zealand,180,135,Kureze Effect,
Modern Anomaly,Kureze Effect,2022-02-19,Kosice,Kosice,Slovakia,0,315,Kureze Effect,
Modern Anomaly,Kureze Effect,2022-02-19,Seville,Andalusia,Spain,290,25,Kureze Effect,
Modern Anomaly,Kureze Effect,2022-02-19,Başakşehir,Marmara Region,Turkey,110,205,Kureze Effect,
Modern Anomaly,Kureze Effect,2022-02-19,Wichita,Kansas,United States,295,20,Kureze Effect,
Modern Anomaly,Kureze Effect,2022-02-19,Vestal Town,New York,United States,180,135,Kureze Effect,
Modern Anomaly,Kureze Effect,2022-02-19,Chattanooga,Tennessee,United States,0,305,Kureze Effect,
Modern Anomaly,Kureze Effect,2022-02-19,Santa Cruz de la Sierra,Santa Cruz,Bolivia,270,0,Kureze Effect,
Modern Anomaly,Kureze Effect,2022-02-19,Stara Zagora,Stara Zagora,Bulgaria,90,180,Kureze Effect,
Modern Anomaly,Kureze Effect,2022-02-19,,Sabah,Malaysia,0,270,Kureze Effect,
Modern Anomaly,Kureze Effect,2022-02-19,Indianapolis,Indiana,United States,90,180,Kureze Effect,
Modern Anomaly,Kureze Effect,2022-02-19,Prescott,Arizona,United States,260,0,Kureze Effect,
Modern Anomaly,Kureze Effect,2022-02-19,Yakima,Washington,United States,0,245,Kureze Effect,
Modern Anomaly,Kureze Effect,2022-02-19,Constanța,,Romania,0,225,Kureze Effect,
Modern Anomaly,Kureze Effect,2022-02-19,Pau,New Aquitaine,France,215,0,Kureze Effect,
Modern Anomaly,Kureze Effect,2022-02-19,Villach,Carinthia,Austria,180,0,Kureze Effect,
Modern Anomaly,Kureze Effect,2022-02-19,Porto Alegre,South,Brazil,0,180,Kureze Effect,
Modern Anomaly,Kureze Effect,2022-02-19,Split,Splitsko-dalmatinska,Croatia,0,180,Kureze Effect,
Modern Anomaly,Kureze Effect,2022-02-19,Ørum,Central Denmark Region,Denmark,180,0,Kureze Effect,
Modern Anomaly,Kureze Effect,2022-02-19,Reims,Great East,France,180,0,Kureze Effect,
Modern Anomaly,Kureze Effect,2022-02-19,Naples,Campania,Italy,180,0,Kureze Effect,
Modern Anomaly,Kureze Effect,2022-02-19,Lucca,Toscany,Italy,180,0,Kureze Effect,
Modern Anomaly,Kureze Effect,2022-02-19,,Camarines Sur,Philippines,180,0,Kureze Effect,
Modern Anomaly,Kureze Effect,2022-02-19,Czarna Białostocka,Podlaskie Voivodeship,Poland,180,0,Kureze Effect,
Modern Anomaly,Kureze Effect,2022-02-19,Covilha,Castelo Branco,Portugal,180,0,Kureze Effect,
Modern Anomaly,Kureze Effect,2022-02-19,Pietermaritzburg,KwaZulu-Natal,South Africa,0,180,Kureze Effect,
Modern Anomaly,Kureze Effect,2022-02-19,Mukacheve,Zakarpattia,Ukraine,0,180,Kureze Effect,
Modern Anomaly,Kureze Effect,2022-02-19,Stockton,California,United States,180,0,Kureze Effect,
Modern Anomaly,Kureze Effect,2022-02-19,St. Augustine,Florida,United States,180,0,Kureze Effect,
Modern Anomaly,Kureze Effect,2022-02-19,Springfield,Illinois,United States,0,180,Kureze Effect,
Modern Anomaly,Kureze Effect,2022-02-19,Liverpool,New York,United States,0,180,Kureze Effect,
Modern Anomaly,Kureze Effect,2022-02-19,Cullowhee,North Carolina,United States,0,180,Kureze Effect,
Modern Anomaly,Kureze Effect,2022-02-19,Maryville,Tennessee,United States,180,0,Kureze Effect,
Modern Anomaly,Kureze Effect,2022-02-19,Logan,Utah,United States,180,0,Kureze Effect,
Modern Anomaly,Kureze Effect,2022-02-19,Eau Claire,Wisconsin,United States,180,0,Kureze Effect,
Modern Anomaly,Kureze Effect,2022-02-19,,Ha Noi,Vietnam,180,0,Kureze Effect,
Modern Anomaly,Kureze Effect,2022-02-19,Viljandi linn,Viljandi,Estonia,155,0,Kureze Effect,
Modern Anomaly,Kureze Effect,2022-02-19,Geelong,Victoria,Australia,20,115,Kureze Effect,
Modern Anomaly,Kureze Effect,2022-02-19,Maceio,Northeast,Brazil,135,0,Kureze Effect,
Modern Anomaly,Kureze Effect,2022-02-19,Rio Claro,São Paulo,Brazil,135,0,Kureze Effect,
Modern Anomaly,Kureze Effect,2022-02-19,Turin,Piemont,Italy,135,0,Kureze Effect,
Modern Anomaly,Kureze Effect,2022-02-19,Celaya,Guanajuato,Mexico,0,135,Kureze Effect,
Modern Anomaly,Kureze Effect,2022-02-19,,Benguet,Philippines,0,135,Kureze Effect,
Modern Anomaly,Kureze Effect,2022-02-19,,Sichuan,China,90,0,Kureze Effect,
Modern Anomaly,Kureze Effect,2022-02-19,Matthews,North Carolina,United States,90,0,Kureze Effect,
Modern Anomaly,Kureze Effect,2022-02-19,San Juan,Puerto Rico,United States,0,65,Kureze Effect,
Modern Anomaly,Kureze Effect,2022-02-19,Le Mans,Pays de la Loire,France,0,45,Kureze Effect,
Modern Anomaly,Kureze Effect,2022-02-19,Zumpango del Río,Guerrero,Mexico,0,0,Kureze Effect,
Modern Anomaly,Kureze Effect,2022-02-19,,Yangon,Myanmar,0,0,Kureze Effect,
Modern Anomaly,Kureze Effect,2022-02-19,,Davao Region,Philippines,0,0,Kureze Effect,
Modern Anomaly,Kureze Effect,2022-02-19,Puerto de la Cruz,Canary Islands,Spain,0,0,Kureze Effect,
Modern Anomaly,Kureze Effect,2022-02-19,Hickory,North Carolina,United States,0,0,Kureze Effect,
Modern Anomaly,Epiphany Dawn,2022-11-12,Los Angeles,n/a,United States,218,68,Epiphany Dawn,
Modern Anomaly,Epiphany Dawn,2022-11-12,PA07-SIERRA-08,n/a,New Zealand,8,2,Epiphany Dawn,
Modern Anomaly,Epiphany Dawn,2022-11-12,AS16-SIERRA-00,n/a,Japan,9,1,Epiphany Dawn,
Modern Anomaly,Epiphany Dawn,2022-11-12,AS09-LIMA-13,n/a,Malaysia,7,3,Epiphany Dawn,
Modern Anomaly,Epiphany Dawn,2022-11-12,NR02-FOXTROT-11,n/a,Poland,2,8,Epiphany Dawn,
Modern Anomaly,Epiphany Dawn,2022-11-12,NR02-GOLF-12,n/a,Germany,1,9,Epiphany Dawn,
Modern Anomaly,Epiphany Dawn,2022-11-12,NR03-JULIET-04,Scotland,United Kingdom,10,0,Epiphany Dawn,
Modern Anomaly,Epiphany Dawn,2022-11-12,AF07-ROMEO-12,n/a,Portugal,1,9,Epiphany Dawn,
Modern Anomaly,Epiphany Dawn,2022-11-12,AM01-LIMA-01,New York,United States,7,3,Epiphany Dawn,
Modern Anomaly,Epiphany Dawn,2022-11-12,AM12-SIERRA-13,n/a,Brazil,5,5,Epiphany Dawn,
Modern Anomaly,Epiphany Dawn,2022-11-12,AM08-LIMA-15,n/a,Colombia,0,10,Epiphany Dawn,
Modern Anomaly,Epiphany Dawn,2022-12-10,Yokohama,n/a,Japan,192,90,Epiphany Dawn,
Modern Anomaly,Epiphany Dawn,2022-12-10,AM09-LIMA-10,n/a,Ecuador,8,2,Epiphany Dawn,
Modern Anomaly,Epiphany Dawn,2022-12-10,AF02-GOLF-05,n/a,Brazil,0,10,Epiphany Dawn,
Modern Anomaly,Epiphany Dawn,2022-12-10,AM01-LIMA-09,New York,United States,2,8,Epiphany Dawn,
Modern Anomaly,Epiphany Dawn,2022-12-10,AM03-GOLF-00,Texas,United States,8,2,Epiphany Dawn,
Modern Anomaly,Epiphany Dawn,2022-12-10,AF12-BRAVO-06,n/a,South Africa,0,10,Epiphany Dawn,
Modern Anomaly,Epiphany Dawn,2022-12-10,NR01-ECHO-00,n/a,Hungary,9,1,Epiphany Dawn,
Modern Anomaly,Epiphany Dawn,2022-12-10,NR01-JULIET-02,n/a,France,2,8,Epiphany Dawn,
Modern Anomaly,Epiphany Dawn,2022-12-10,AS14-FOXTROT-06,n/a,India,10,0,Epiphany Dawn,
Modern Anomaly,Epiphany Dawn,2022-12-10,AS16-ROMEO-11,n/a,South Korea,9,1,Epiphany Dawn,
Modern Anomaly,Epiphany Dawn,2022-12-10,AS09-FOXTROT-05,n/a,Maldives,10,0,Epiphany Dawn,
Modern Anomaly,Echo,2023-04-22,Jacksonville,Florida,United States,447,88,Echo,
Modern Anomaly,Echo,2023-04-22,Baguio City,n/a,Philippines,153,37,Echo,
Modern Anomaly,Echo,2023-04-22,Pietermaritzburg,n/a,South Africa,66,124,Echo,
Modern Anomaly,Echo,2023-05-20,Brisbane,Queensland,Australia,428,122,Echo,
Modern Anomaly,Echo,2023-05-20,Brighton,England,United Kingdom,73,107,Echo,
Modern Anomaly,Echo,2023-05-20,Montevideo,n/a,Uruguay,84,106,Echo,
Modern Anomaly,Echo,2023-06-17,Athens,n/a,Greece,300,215,Echo,
Modern Anomaly,Echo,2023-06-17,Ueda,Nagano,Japan,120,65,Echo,
Modern Anomaly,Echo,2023-06-17,Winnipeg,n/a,Canada,165,30,Echo,
Modern Anomaly,Ctrl,2023-07-15,Santa Cruz de la Sierra,n/a,Bolivia ,334,266,Ctrl,
Modern Anomaly,Ctrl,2023-07-15,Rotenburg a.d. Fulda,n/a,Germany,66,124,Ctrl,
Modern Anomaly,Ctrl,2023-07-15,Bandung,n/a,Indonesia,109,77,Ctrl,
Modern Anomaly,Ctrl,2023-08-19,Oslo,n/a,Norway ,233,367,Ctrl,
Modern Anomaly,Ctrl,2023-08-19,Seoul,n/a,South Korea,135,40,Ctrl,
Modern Anomaly,Ctrl,2023-08-19,Charleston,West Virginia,United States,139,53,Ctrl,
Modern Anomaly,Ctrl,2023-09-16,Kobe,n/a,Japan,403,191,Ctrl,
Modern Anomaly,Ctrl,2023-09-16,Reims,n/a,France,116,80,Ctrl,
Modern Anomaly,Ctrl,2023-09-16,Tacoma,Washington ,United States,137,63,Ctrl,
Modern Anomaly,Discoverie,2023-10-14,Spain,n/a,Madrid,281,319,Discoverie,
Modern Anomaly,Discoverie,2023-10-14,Taichung,n/a,Taiwan,166,34,Discoverie,
Modern Anomaly,Discoverie,2023-10-14,Curitiba,n/a,Brazil,92,108,Discoverie,
Modern Anomaly,Discoverie,2023-11-18,Bangkok,n/a,Thailand,270,330,Discoverie,
Modern Anomaly,Discoverie,2023-11-18,Palermo,n/a,Italy,108,92,Discoverie,
Modern Anomaly,Discoverie,2023-11-18,Atlanta,Georgia,United States,171,29,Discoverie,
Modern Anomaly,Discoverie,2023-12-16,Honolulu,Hawaii,United States,377,223,Discoverie,
Modern Anomaly,Discoverie,2023-12-16,İzmir,n/a,Turkey,151,49,Discoverie,
Modern Anomaly,Discoverie,2023-12-16,Colombo,n/a,Sri Lanka,88,112,Discoverie,
Modern Anomaly,Cryptic Memories,2024-02-07,AM01-KILO-14,Michigan,United States,4.8,10.2,Cryptic Memories,
Modern Anomaly,Cryptic Memories,2024-02-07,NR10-ROMEO-05,n/a,Canada,2.6,12.4,Cryptic Memories,
Modern Anomaly,Cryptic Memories,2024-02-07,AM01-HOTEL-07,Iowa,United States,14.3,0.7,Cryptic Memories,
Modern Anomaly,Cryptic Memories,2024-02-07,NR05-SIERRA-09,Maine,United States,13.7,1.3,Cryptic Memories,
Modern Anomaly,Cryptic Memories,2024-02-07,AM14-PAPA-14,n/a,Paraguay,7.9,7.1,Cryptic Memories,
Modern Anomaly,Cryptic Memories,2024-02-07,NR03-GOLF-06,n/a,Denmark,2.8,12.2,Cryptic Memories,
Modern Anomaly,Cryptic Memories,2024-02-07,NR01-FOXTROT-13,n/a,Italy,2.8,12.2,Cryptic Memories,
Modern Anomaly,Cryptic Memories,2024-02-07,AF07-SIERRA-11,n/a,Spain,14.9,0.1,Cryptic Memories,
Modern Anomaly,Cryptic Memories,2024-02-07,NR02-JULIET-07,Wales,United Kingdom,10.5,4.5,Cryptic Memories,
Modern Anomaly,Cryptic Memories,2024-02-07,NR01-JULIET-04,n/a,France,13.6,1.4,Cryptic Memories,
Modern Anomaly,Cryptic Memories,2024-02-07,AS09-ROMEO-03,n/a,Indonesia,2.4,12.6,Cryptic Memories,
Modern Anomaly,Cryptic Memories,2024-02-07,PA02-ALPHA-00,n/a,Japan,14.4,0.6,Cryptic Memories,
Modern Anomaly,Cryptic Memories,2024-02-07,AS10-GOLF-01,n/a,Sri Lanka,12.6,2.4,Cryptic Memories,
Modern Anomaly,Cryptic Memories,2024-02-16,Athens,n/a,Greece,1.4,8.6,Cryptic Memories,
Modern Anomaly,Cryptic Memories,2024-02-16,Bielefeld,n/a,Germany,4.5,5.5,Cryptic Memories,
Modern Anomaly,Cryptic Memories,2024-02-16,Bradford,England,United Kingdom,8,2,Cryptic Memories,
Modern Anomaly,Cryptic Memories,2024-02-16,Brno,n/a,Czech Republic,3.3,6.7,Cryptic Memories,
Modern Anomaly,Cryptic Memories,2024-02-16,Bucharest,n/a,Romania,10,0,Cryptic Memories,
Modern Anomaly,Cryptic Memories,2024-02-16,Dresden,n/a,Germany,1.7,8.3,Cryptic Memories,
Modern Anomaly,Cryptic Memories,2024-02-16,Geneva,n/a,Switzerland,5,5,Cryptic Memories,
Modern Anomaly,Cryptic Memories,2024-02-16,Istanbul,n/a,Turkey,2.7,7.3,Cryptic Memories,
Modern Anomaly,Cryptic Memories,2024-02-16,Lille,n/a,France,8.2,1.8,Cryptic Memories,
Modern Anomaly,Cryptic Memories,2024-02-16,Lodz,n/a,Poland,4.3,5.7,Cryptic Memories,
Modern Anomaly,Cryptic Memories,2024-02-16,Vilnius,n/a,Lithuania,5.5,4.5,Cryptic Memories,
Modern Anomaly,Cryptic Memories,2024-02-16,Wroclaw,n/a,Poland,2,8,Cryptic Memories,
Modern Anomaly,Cryptic Memories,2024-02-16,Zaragoza,n/a,Estonia,6.7,3.3,Cryptic Memories,
Modern Anomaly,Cryptic Memories,2024-02-17,Adelaide,South Australia,Australia,132.5,36.6,Cryptic Memories,
Modern Anomaly,Cryptic Memories,2024-02-17,Santiago,n/a,Chile,79.2,85.8,Cryptic Memories,
Modern Anomaly,Cryptic Memories,2024-02-22,AM01-MIKE-03,Connecticut,United States,12.4,2.6,Cryptic Memories,
Modern Anomaly,Cryptic Memories,2024-02-22,AF02-HOTEL-03,n/a,Brazil,1.9,13.1,Cryptic Memories,
Modern Anomaly,Cryptic Memories,2024-02-22,AM02-KILO-00,Ohio,United States,12.9,2.1,Cryptic Memories,
Modern Anomaly,Cryptic Memories,2024-02-22,NR02-BRAVO-02,n/a,Georgia,15,0,Cryptic Memories,
Modern Anomaly,Cryptic Memories,2024-02-22,NR01-GOLF-10,n/a,Luxemberg,1,14,Cryptic Memories,
Modern Anomaly,Cryptic Memories,2024-02-22,NR02-ECHO-01,n/a,Poland,3.2,11.8,Cryptic Memories,
Modern Anomaly,Cryptic Memories,2024-02-22,AS12-KILO-13,n/a,Thailand,15,0,Cryptic Memories,
Modern Anomaly,Cryptic Memories,2024-02-22,AS16-ROMEO-03,n/a,South Korea,1.4,13.6,Cryptic Memories,
Modern Anomaly,Cryptic Memories,2024-02-22,AS14-FOXTROT-06,n/a,India,15,0,Cryptic Memories,
Modern Anomaly,Cryptic Memories,2024-02-22,PA01-ALPHA-14,n/a,Japan,7.5,7.5,Cryptic Memories,
Modern Anomaly,Cryptic Memories,2024-02-22,PA03-NOVEMBER-10,Queensland,Australia,0,15,Cryptic Memories,
Modern Anomaly,Cryptic Memories,2024-02-22,AS10-ROMEO-12,n/a,Philippines,13.4,1.6,Cryptic Memories,
Modern Anomaly,Cryptic Memories,2024-02-22,AS14-BRAVO-15,n/a,United Arab Emirates,14.7,0.3,Cryptic Memories,
Modern Anomaly,Cryptic Memories,2024-03-01,Auckland,n/a,New Zealand,5,5,Cryptic Memories,
Modern Anomaly,Cryptic Memories,2024-03-01,Canberra,Australian Capital Territory,Australia,10,0,Cryptic Memories,
Modern Anomaly,Cryptic Memories,2024-03-01,Kochi,n/a,Japan,6.7,3.3,Cryptic Memories,
Modern Anomaly,Cryptic Memories,2024-03-01,Suwon,n/a,Korea,10,0,Cryptic Memories,
Modern Anomaly,Cryptic Memories,2024-03-01,Toyama,n/a,Japan,6.3,3.8,Cryptic Memories,
Modern Anomaly,Cryptic Memories,2024-03-01,Tsu,Mie,Japan,7.5,2.5,Cryptic Memories,
Modern Anomaly,Cryptic Memories,2024-03-01,Changhua,n/a,Taiwan,8.3,1.7,Cryptic Memories,
Modern Anomaly,Cryptic Memories,2024-03-01,Johor Bahru,n/a,Malaysia,2.5,7.5,Cryptic Memories,
Modern Anomaly,Cryptic Memories,2024-03-01,"Pasay City, PH",n/a,Philippines,9.2,0.8,Cryptic Memories,
Modern Anomaly,Cryptic Memories,2024-03-01,"Perth, AU",Western Australia,Australia,1.7,8.3,Cryptic Memories,
Modern Anomaly,Cryptic Memories,2024-03-01,"Nonthaburi, TH",n/a,Thailand,6,4,Cryptic Memories,
Modern Anomaly,Cryptic Memories,2024-03-01,"Bekasi, ID",n/a,Indonesia,0,10,Cryptic Memories,
Modern Anomaly,Cryptic Memories,2024-03-01,"Bogor, ID",n/a,Indonesia,10,0,Cryptic Memories,
Modern Anomaly,Cryptic Memories,2024-03-07,AM06-JULIET-07,n/a,Honduras,0.7,14.3,Cryptic Memories,
Modern Anomaly,Cryptic Memories,2024-03-07,AM09-LIMA-10,n/a,Ecuador,0.1,14.9,Cryptic Memories,
Modern Anomaly,Cryptic Memories,2024-03-07,NR14-SIERRA-00,Oregon,United States,14.9,0.1,Cryptic Memories,
Modern Anomaly,Cryptic Memories,2024-03-07,AM02-DELTA-13,California,United States,13,2,Cryptic Memories,
Modern Anomaly,Cryptic Memories,2024-03-07,AM02-FOXTROT-09,Colorado,United States,15,0,Cryptic Memories,
Modern Anomaly,Cryptic Memories,2024-03-07,NR02-KILO-02,n/a,Ireland,4.5,10.5,Cryptic Memories,
Modern Anomaly,Cryptic Memories,2024-03-07,NR03-GOLF-08,n/a,Sweden,0.4,14.6,Cryptic Memories,
Modern Anomaly,Cryptic Memories,2024-03-07,NR01-FOXTROT-02,n/a,Slovenia,1.9,13.1,Cryptic Memories,
Modern Anomaly,Cryptic Memories,2024-03-07,AF08-ROMEO-09,n/a,Spain,15,0,Cryptic Memories,
Modern Anomaly,Cryptic Memories,2024-03-07,AF14-ROMEO-03,n/a,Cyprus,12.5,2.5,Cryptic Memories,
Modern Anomaly,Cryptic Memories,2024-03-07,AS12-LIMA-10,n/a,Vietnam,15,0,Cryptic Memories,
Modern Anomaly,Cryptic Memories,2024-03-07,PA07-SIERRA-08,n/a,New Zealand,14.6,0.4,Cryptic Memories,
Modern Anomaly,Cryptic Memories,2024-03-07,NR16-BRAVO-13,n/a,Japan,12.8,2.2,Cryptic Memories,
Modern Anomaly,Cryptic Memories,2024-03-15,Santos,São Paulo,Brazil,0,10,Cryptic Memories,
Modern Anomaly,Cryptic Memories,2024-03-15,La Paz,Pedro Domingo Murillo,Bolivia,8.8,1.3,Cryptic Memories,
Modern Anomaly,Cryptic Memories,2024-03-15,Pittsburgh,Pennsylvania,United States,8,2,Cryptic Memories,
Modern Anomaly,Cryptic Memories,2024-03-15,Raleigh,North Carolina,United States,10,0,Cryptic Memories,
Modern Anomaly,Cryptic Memories,2024-03-15,Toronto,Ontario,Canada,8.3,1.7,Cryptic Memories,
Modern Anomaly,Cryptic Memories,2024-03-15,Fort Worth,Texas,United States,9,1,Cryptic Memories,
Modern Anomaly,Cryptic Memories,2024-03-15,Calgary,Alberta,Canada,10,0,Cryptic Memories,
Modern Anomaly,Cryptic Memories,2024-03-15,Salt Lake City,Utah,United States,8,2,Cryptic Memories,
Modern Anomaly,Cryptic Memories,2024-03-15,Zumpango,n/a,Mexico,4.4,5.6,Cryptic Memories,
Modern Anomaly,Cryptic Memories,2024-03-15,Berkeley,California,United States,9.1,0.9,Cryptic Memories,
Modern Anomaly,Cryptic Memories,2024-03-15,Glendale,Arizona,United States,10,0,Cryptic Memories,
Modern Anomaly,Cryptic Memories,2024-03-15,Pasadena,California,United States,1.8,8.2,Cryptic Memories,
Modern Anomaly,Cryptic Memories,2024-03-15,Vancouver,British Columbia,Canada,5.6,4.4,Cryptic Memories,
Modern Anomaly,Cryptic Memories,2024-03-16,Macao,n/a,China,59.3,99.8,Cryptic Memories,
Modern Anomaly,Cryptic Memories,2024-03-16,Porto,n/a,Portugal,56.6,115.4,Cryptic Memories,
Modern Anomaly,Buried Memories,2024-04-27,Wellington,n/a,New Zealand,4.5,0,Buried Memories,
Modern Anomaly,Buried Memories,2024-04-27,Gold Coast,Queensland,Australia,2,1.5,Buried Memories,
Modern Anomaly,Buried Memories,2024-04-27,Hobart,Tasmania,Australia,4.5,1,Buried Memories,
Modern Anomaly,Buried Memories,2024-04-27,Newcastle,New South Wales,Australia,2,2.5,Buried Memories,
Modern Anomaly,Buried Memories,2024-04-27,Akita,Akita,Japan,3.5,1,Buried Memories,
Modern Anomaly,Buried Memories,2024-04-27,Asahikawa,Hokkaido,Japan,2,3,Buried Memories,
Modern Anomaly,Buried Memories,2024-04-27,Goyang,Gyeonggi-do,South Korea,2.5,1,Buried Memories,
Modern Anomaly,Buried Memories,2024-04-27,Matsue,Shimane,Japan,3.5,3,Buried Memories,
Modern Anomaly,Buried Memories,2024-04-27,Miyazaki,Miyazaki,Japan,3.5,2,Buried Memories,
Modern Anomaly,Buried Memories,2024-04-27,Denpasar,Bali,Indonesia,0,5.5,Buried Memories,
Modern Anomaly,Buried Memories,2024-04-27,George Town,Penang,Malaysia,0,6,Buried Memories,
Modern Anomaly,Buried Memories,2024-04-27,Iloilo City,Iloilo,Philippines,5.5,0,Buried Memories,
Modern Anomaly,Buried Memories,2024-04-27,Kaohsiung,n/a,Taiwan,4,1,Buried Memories,
Modern Anomaly,Buried Memories,2024-04-27,Makassar,South Sulawesi,Indonesia,5,0,Buried Memories,
Modern Anomaly,Buried Memories,2024-04-27,Da Nang,Da Nang,Vietnam,0.5,4,Buried Memories,
Modern Anomaly,Buried Memories,2024-04-27,Ho Chi Minh City,Thành phố Hồ Chí Minh,Vietnam,4,0,Buried Memories,
Modern Anomaly,Buried Memories,2024-04-27,Phuket City,Phuket,Thailand,1,0,Buried Memories,
Modern Anomaly,Buried Memories,2024-04-27,Yogyakarta,Special Region of Yogyakarta,Indonesia,1,4.5,Buried Memories,
Modern Anomaly,Buried Memories,2024-04-27,Bengaluru,Karnataka,India,5.5,0.5,Buried Memories,
Modern Anomaly,Buried Memories,2024-04-27,Galle,n/a,Sri Lanka,3.5,1,Buried Memories,
Modern Anomaly,Buried Memories,2024-04-27,Kolkata,West Bengal,India,1.5,2.5,Buried Memories,
Modern Anomaly,Buried Memories,2024-04-27,Mumbai,Maharashtra,India,1.5,2.5,Buried Memories,
Modern Anomaly,Buried Memories,2024-04-27,Almaty,n/a,Kazakhstan,1,4,Buried Memories,
Modern Anomaly,Buried Memories,2024-04-27,Malé,n/a,Maldives,0.5,4,Buried Memories,
Modern Anomaly,Buried Memories,2024-04-27,Tashkent,Тоshkent,Uzbekistan,0,6,Buried Memories,
Modern Anomaly,Buried Memories,2024-05-11,Yerevan,n/a,Armenia,4,1,Buried Memories,
Modern Anomaly,Buried Memories,2024-05-11,Doha,n/a,Qatar,0,5.5,Buried Memories,
Modern Anomaly,Buried Memories,2024-05-11,İzmir,n/a,Türkiye,0,6,Buried Memories,
Modern Anomaly,Buried Memories,2024-05-11,Jyväskylä,n/a,Finland,0,5,Buried Memories,
Modern Anomaly,Buried Memories,2024-05-11,Thessaloniki,n/a,Greece,0,6,Buried Memories,
Modern Anomaly,Buried Memories,2024-05-11,Ventspils,n/a,Latvia,0.5,4,Buried Memories,
Modern Anomaly,Buried Memories,2024-05-11,Basel,n/a,Switzerland,0.5,4,Buried Memories,
Modern Anomaly,Buried Memories,2024-05-11,Bonn,n/a,Germany,0.5,4.5,Buried Memories,
Modern Anomaly,Buried Memories,2024-05-11,Bydgoszcz,n/a,Poland,1.5,2,Buried Memories,
Modern Anomaly,Buried Memories,2024-05-11,Cape Town,n/a,South Africa,0,6,Buried Memories,
Modern Anomaly,Buried Memories,2024-05-11,Gävle,n/a,Sweden,1.5,2,Buried Memories,
Modern Anomaly,Buried Memories,2024-05-11,Haarlem,n/a,Netherlands,3,2.5,Buried Memories,
Modern Anomaly,Buried Memories,2024-05-11,Hof,n/a,Germany,1,4,Buried Memories,
Modern Anomaly,Buried Memories,2024-05-11,Montpellier,n/a,France,4.5,1,Buried Memories,
Modern Anomaly,Buried Memories,2024-05-11,Nantes,n/a,France,3.5,2,Buried Memories,
Modern Anomaly,Buried Memories,2024-05-11,Ostrava,n/a,Czechia,2.5,2.5,Buried Memories,
Modern Anomaly,Buried Memories,2024-05-11,Pisa,Province of Pisa,Italy,0.5,5,Buried Memories,
Modern Anomaly,Buried Memories,2024-05-11,Stavanger,n/a,Norway,1.5,4.5,Buried Memories,
Modern Anomaly,Buried Memories,2024-05-11,Tromsøya,n/a,Norway,1,1,Buried Memories,
Modern Anomaly,Buried Memories,2024-05-11,Valleta,Il-Belt Valletta,Malta,0,0,Buried Memories,
Modern Anomaly,Buried Memories,2024-05-11,Belfast,Northern Ireland,United Kingdom,0.5,4.5,Buried Memories,
Modern Anomaly,Buried Memories,2024-05-11,Norwich,England,United Kingdom,1.5,3.5,Buried Memories,
Modern Anomaly,Buried Memories,2024-05-11,Santa Cruz de Tenerife,n/a,Spain,0,4.5,Buried Memories,
Modern Anomaly,Buried Memories,2024-05-11,Setubal,n/a,Portugal,0,6,Buried Memories,
Modern Anomaly,Buried Memories,2024-05-11,Reykyavik,n/a,Iceland,0,6.5,Buried Memories,
Modern Anomaly,Buried Memories,2024-05-18,Naha,Okinawa,Japan,132.8,67.3,Buried Memories,
Modern Anomaly,Buried Memories,2024-05-25,Chicago,Illinois,United States,149.0,51.0,Buried Memories,
Modern Anomaly,Buried Memories,2024-06-08,Buenos Aires,n/a,Argentina,3,1.5,Buried Memories,
Modern Anomaly,Buried Memories,2024-06-08,Paramaribo,n/a,Suriname,0,0,Buried Memories,
Modern Anomaly,Buried Memories,2024-06-08,Vila Velha,State of Espírito Santo,Brazil,1,4,Buried Memories,
Modern Anomaly,Buried Memories,2024-06-08,Baltimore,Maryland,United States,3,2,Buried Memories,
Modern Anomaly,Buried Memories,2024-06-08,Louisville,Kentucky,United States,6,0,Buried Memories,
Modern Anomaly,Buried Memories,2024-06-08,Providence,Rhode Island,United States,3,3,Buried Memories,
Modern Anomaly,Buried Memories,2024-06-08,Quebec City,Quebec,Canada,3,0,Buried Memories,
Modern Anomaly,Buried Memories,2024-06-08,Santo Domingo,n/a,Dominican Republic,0,5,Buried Memories,
Modern Anomaly,Buried Memories,2024-06-08,Tallahassee,Florida,United States,5,0,Buried Memories,
Modern Anomaly,Buried Memories,2024-06-08,Temuco,Araucania,Chile,3,2.5,Buried Memories,
Modern Anomaly,Buried Memories,2024-06-08,Bryan,Texas,United States,4,1,Buried Memories,
Modern Anomaly,Buried Memories,2024-06-08,Cusco,n/a,Peru,2.5,2.5,Buried Memories,
Modern Anomaly,Buried Memories,2024-06-08,Minneapolis,Minnesota,United States,4,2,Buried Memories,
Modern Anomaly,Buried Memories,2024-06-08,Panama City,Panamá Province,Panama,0,6.5,Buried Memories,
Modern Anomaly,Buried Memories,2024-06-08,Springfield,Missouri,United States,5.5,0.5,Buried Memories,
Modern Anomaly,Buried Memories,2024-06-08,Edmonton,Alberta,Canada,4.5,1,Buried Memories,
Modern Anomaly,Buried Memories,2024-06-08,Puerto Vallarta,Jalisco,Mexico,1.5,3,Buried Memories,
Modern Anomaly,Buried Memories,2024-06-08,Santa Fe,New Mexico,United States,6.5,0,Buried Memories,
Modern Anomaly,Buried Memories,2024-06-08,St. George,Utah,United States,6,0,Buried Memories,
Modern Anomaly,Buried Memories,2024-06-08,Eureka,California,United States,0.5,5.5,Buried Memories,
Modern Anomaly,Buried Memories,2024-06-08,Fresno,California,United States,4,0,Buried Memories,
Modern Anomaly,Buried Memories,2024-06-08,Oceanside,California,United States,4,2,Buried Memories,
Modern Anomaly,Buried Memories,2024-06-08,Richland,Washington,United States,5,1.5,Buried Memories,
Modern Anomaly,Buried Memories,2024-06-08,Anchorage,Alaska,United States,5,1,Buried Memories,
Modern Anomaly,Buried Memories,2024-06-08,Hilo,Hawaii,United States,5.5,1,Buried Memories,
Modern Anomaly,Buried Memories,2024-06-15,Budapest,n/a,Hungary,86.1,113.9,Buried Memories,
Modern Anomaly,Buried Memories,2024-06-15,Kuching,Sarawak,Malaysia,52.0,148.0,Buried Memories,
Modern Anomaly,Shared Memories,2024-08-17,Singapore,Singapore,Singapore,33.6,166.4,Shared Memories,
Modern Anomaly,Shared Memories,2024-08-17,Rotterdam,n/a,Netherlands,77.1,122.9,Shared Memories,
Modern Anomaly,Shared Memories,2024-08-24,Halifax,Nova Scotia,Canada,7.5,2,Shared Memories,
Modern Anomaly,Shared Memories,2024-08-24,Recife,State of Pernambuco,Brazil,0,10.5,Shared Memories,
Modern Anomaly,Shared Memories,2024-08-24,Concepción,Bio Bio,Chile,5,5,Shared Memories,
Modern Anomaly,Shared Memories,2024-08-24,Dearborn,Michigan,United States,10.5,0,Shared Memories,
Modern Anomaly,Shared Memories,2024-08-24,Montreal,Quebec,Canada,6,5,Shared Memories,
Modern Anomaly,Shared Memories,2024-08-24,San Juan,n/a,Puerto Rico,0,10.5,Shared Memories,
Modern Anomaly,Shared Memories,2024-08-24,Baton Rouge,Louisiana,United States,2,10.5,Shared Memories,
Modern Anomaly,Shared Memories,2024-08-24,Chiclayo,n/a,Peru,7,3.5,Shared Memories,
Modern Anomaly,Shared Memories,2024-08-24,Duluth,Minnesota,United States,9,1.5,Shared Memories,
Modern Anomaly,Shared Memories,2024-08-24,Iquitos,n/a,Peru,9,0.5,Shared Memories,
Modern Anomaly,Shared Memories,2024-08-24,Medellín,Antioquia,Colombia,3.5,4.5,Shared Memories,
Modern Anomaly,Shared Memories,2024-08-24,Fort Collins,Colorado,United States,11.5,0.5,Shared Memories,
Modern Anomaly,Shared Memories,2024-08-24,Guatemala City,Ciudad de Guatemala,Guatemala,2,4.5,Shared Memories,
Modern Anomaly,Shared Memories,2024-08-24,Monterrey,Nuevo Leon,Mexico,5.5,3,Shared Memories,
Modern Anomaly,Shared Memories,2024-08-24,San José,California,United States,5,0.5,Shared Memories,
Modern Anomaly,Shared Memories,2024-08-24,Saskatoon,Saskatchewan,Canada,11,1,Shared Memories,
Modern Anomaly,Shared Memories,2024-08-24,Las Vegas,Nevada,United States,8.5,2.5,Shared Memories,
Modern Anomaly,Shared Memories,2024-08-24,Honolulu,Hawaii,United States,6.5,2.5,Shared Memories,
Modern Anomaly,Shared Memories,2024-08-31,Hamilton,n/a,New Zealand,4.5,6,Shared Memories,
Modern Anomaly,Shared Memories,2024-08-31,Melbourne,Victoria,Australia,5.5,2,Shared Memories,
Modern Anomaly,Shared Memories,2024-08-31,Townsville,Queensland,Australia,6.5,4.5,Shared Memories,
Modern Anomaly,Shared Memories,2024-08-31,Busan,부산광역시,South Korea,3,7,Shared Memories,
Modern Anomaly,Shared Memories,2024-08-31,Gwangju,광주광역시,South Korea,3,8,Shared Memories,
Modern Anomaly,Shared Memories,2024-08-31,Cebu City,Cebu,Philippines,9,0,Shared Memories,
Modern Anomaly,Shared Memories,2024-08-31,Chiayi City,嘉義市,Taiwan,4.5,7,Shared Memories,
Modern Anomaly,Shared Memories,2024-08-31,Kota Kinabalu,Sabah,Malaysia,1.5,4.5,Shared Memories,
Modern Anomaly,Shared Memories,2024-08-31,Yilan,宜蘭市,Taiwan ,9.5,0.5,Shared Memories,
Modern Anomaly,Shared Memories,2024-08-31,Chiang Mai,Chiang Mai,Thailand,3,2,Shared Memories,
Modern Anomaly,Shared Memories,2024-08-31,Hanoi,Hà Nội,Vietnam,1,10.5,Shared Memories,
Modern Anomaly,Shared Memories,2024-08-31,Malang City,East Java,Indonesia,1,9,Shared Memories,
Modern Anomaly,Shared Memories,2024-08-31,Colombo,n/a,Sri Lanka,9.5,1.5,Shared Memories,
Modern Anomaly,Shared Memories,2024-08-31,Delhi,n/a,India,7,2,Shared Memories,
Modern Anomaly,Shared Memories,2024-08-31,Hyderabad,Telangana,India,7,4,Shared Memories,
Modern Anomaly,Shared Memories,2024-08-31,Pune,Maharashtra,India,0,11,Shared Memories,
Modern Anomaly,Shared Memories,2024-08-31,Astana,n/a,Kazakhstan,5,4,Shared Memories,
Modern Anomaly,Shared Memories,2024-09-14,Batumi,n/a,Georgia,4,4.5,Shared Memories,
Modern Anomaly,Shared Memories,2024-09-14,Antalya,n/a,Türkiye,0,12.5,Shared Memories,
Modern Anomaly,Shared Memories,2024-09-14,Brașov,n/a,Romania,12,0.5,Shared Memories,
Modern Anomaly,Shared Memories,2024-09-14,Klaipėda,Klaipeda City Municipality,Lithuania,8,2.5,Shared Memories,
Modern Anomaly,Shared Memories,2024-09-14,Sofia,n/a,Bulgaria,11,0,Shared Memories,
Modern Anomaly,Shared Memories,2024-09-14,Turku,n/a,Finland,0.5,10,Shared Memories,
Modern Anomaly,Shared Memories,2024-09-14,Varna,n/a,Bulgaria,9.5,1,Shared Memories,
Modern Anomaly,Shared Memories,2024-09-14,Bergen,n/a,Norway,7,1.5,Shared Memories,
Modern Anomaly,Shared Memories,2024-09-14,Bordeaux,n/a,France,6,5,Shared Memories,
Modern Anomaly,Shared Memories,2024-09-14,Bratislava,n/a,Slovakia,7,1.5,Shared Memories,
Modern Anomaly,Shared Memories,2024-09-14,Centurion,Gauteng Province,South Africa,1.5,10.5,Shared Memories,
Modern Anomaly,Shared Memories,2024-09-14,Elche,Alicante,Spain,3.5,7,Shared Memories,
Modern Anomaly,Shared Memories,2024-09-14,Naples,Napoli,Italy,8.5,1,Shared Memories,
Modern Anomaly,Shared Memories,2024-09-14,Nice,n/a,France,6.5,3,Shared Memories,
Modern Anomaly,Shared Memories,2024-09-14,Novi Sad,n/a,Serbia,3,4,Shared Memories,
Modern Anomaly,Shared Memories,2024-09-14,Pilsen,n/a,Czechia,4.5,5.5,Shared Memories,
Modern Anomaly,Shared Memories,2024-09-14,Rzeszów,n/a,Poland,0,12,Shared Memories,
Modern Anomaly,Shared Memories,2024-09-14,Dublin,n/a,Ireland,1,9,Shared Memories,
Modern Anomaly,Shared Memories,2024-09-14,Edinburgh,Scotland,United Kingdom,3.5,5.5,Shared Memories,
Modern Anomaly,Shared Memories,2024-09-21,Hakodate,Hokkaido,Japan,109.5,90.5,Shared Memories,
Modern Anomaly,Shared Memories,2024-09-21,Seattle,Washington,United States,165.1,34.9,Shared Memories,
Modern Anomaly,Erased Memories,2024-11-02,Tainan,East District,Taiwan,138.9,61.1,Erased Memories,
Modern Anomaly,Erased Memories,2024-11-16,Eugene,Oregon,United States,4.0,4.5,Erased Memories,
Modern Anomaly,Erased Memories,2024-11-16,Boise,Idaho,United States,2.0,8.0,Erased Memories,
Modern Anomaly,Erased Memories,2024-11-16,Orem,Utah,United States,12.0,0.5,Erased Memories,
Modern Anomaly,Erased Memories,2024-11-16,Merida,Yucatan,Mexico,0.5,10.5,Erased Memories,
Modern Anomaly,Erased Memories,2024-11-16,San Antonio,Texas,United States,11.5,0.0,Erased Memories,
Modern Anomaly,Erased Memories,2024-11-16,San Salvador,n/a,El Salvador,0.0,4.0,Erased Memories,
Modern Anomaly,Erased Memories,2024-11-16,Sioux Falls,South Dakota,United States,10.0,1.0,Erased Memories,
Modern Anomaly,Erased Memories,2024-11-16,Winnipeg,Manitoba,Canada,5.5,5.0,Erased Memories,
Modern Anomaly,Erased Memories,2024-11-16,Burlington,Vermont,United States,5.5,6.0,Erased Memories,
Modern Anomaly,Erased Memories,2024-11-16,Guayaquil,n/a,Ecuador,3.0,6.5,Erased Memories,
Modern Anomaly,Erased Memories,2024-11-16,"La Paz, Bolivia",n/a,Bolivia,8.0,1.0,Erased Memories,
Modern Anomaly,Erased Memories,2024-11-16,Belém,State of Pará,Brazil,4.5,2.5,Erased Memories,
Modern Anomaly,Erased Memories,2024-11-16,Belo Horizonte,State of Minas Gerais,Brazil,0.5,9.0,Erased Memories,
Modern Anomaly,Erased Memories,2024-11-16,Fortaleza,Ceará,Brazil,4.1,7.5,Erased Memories,
Modern Anomaly,Erased Memories,2024-11-16,Montevideo,Montevideo Department,Uruguay,8.5,4.6,Erased Memories,
Modern Anomaly,Erased Memories,2024-11-16,"Talca, Chile",Maule,Chile,6.5,5.1,Erased Memories,
Modern Anomaly,Erased Memories,2024-11-16,Bogotá,Bogota,Colombia,5.9,5.8,Erased Memories,
Modern Anomaly,Erased Memories,2024-11-16,Hamilton,Ontario,Canada,9,3.6,Erased Memories,
Modern Anomaly,Erased Memories,2024-11-16,Kamloops,British Columbia,Canada,6.1,5.8,Erased Memories,
Modern Anomaly,Erased Memories,2024-11-23,Wollongong,New South Wales,Australia,4.5,5.0,Erased Memories,
Modern Anomaly,Erased Memories,2024-11-23,Daejeon,n/a,South Korea,0.0,12.5,Erased Memories,
Modern Anomaly,Erased Memories,2024-11-23,Fukushima,Fukushima ,Japan,7.5,2.5,Erased Memories,
Modern Anomaly,Erased Memories,2024-11-23,Sasebo,Nagasaki,Japan,3.5,5.5,Erased Memories,
Modern Anomaly,Erased Memories,2024-11-23,"Toyama, Japan",n/a,Japan,5.5,3.0,Erased Memories,
Modern Anomaly,Erased Memories,2024-11-23,Ipoh,Perak,Malaysia,6.5,4.5,Erased Memories,
Modern Anomaly,Erased Memories,2024-11-23,Johor Bahru,Johor Darul Ta'zim,Malaysia,0.5,11.0,Erased Memories,
Modern Anomaly,Erased Memories,2024-11-23,Naga,Camarines Sur,Philippines,9.5,3.0,Erased Memories,
Modern Anomaly,Erased Memories,2024-11-23,Parepare,South Sulawesi,Indonesia,0.5,8.5,Erased Memories,
Modern Anomaly,Erased Memories,2024-11-23,Perth,Western Australia,Australia,0.0,10.0,Erased Memories,
Modern Anomaly,Erased Memories,2024-11-23,Pattaya City,Bang Lamung District,Thailand,4.5,6.5,Erased Memories,
Modern Anomaly,Erased Memories,2024-11-23,"Lucknow, Uttar Pradesh, India",Uttar Pradesh,India,3.0,4.5,Erased Memories,
Modern Anomaly,Erased Memories,2024-11-23,Matara,n/a,Sri Lanka,3.5,5.5,Erased Memories,
Modern Anomaly,Erased Memories,2024-11-23,Dunedin,n/a,New Zealand,6.5,4.9,Erased Memories,
Modern Anomaly,Erased Memories,2024-11-23,Hirosaki,Aomori,Japan,8.9,3.2,Erased Memories,
Modern Anomaly,Erased Memories,2024-11-23,Takamatsu,Kagawa,Japan,2.7,9.6,Erased Memories,
Modern Anomaly,Erased Memories,2024-11-23,"Keelung City, ",n/a,Taiwan,11.5,1.4,Erased Memories,
Modern Anomaly,Erased Memories,2024-11-23,Manado City,n/a,Indonesia,4.2,8.5,Erased Memories,
Modern Anomaly,Erased Memories,2024-11-23,Bandung,n/a,Indonesia,4.4,6.3,Erased Memories,
Modern Anomaly,Erased Memories,2024-11-30,Bucharest,n/a,Romania,9,0.5,Erased Memories,
Modern Anomaly,Erased Memories,2024-11-30,Tampere,n/a,Finland,0.5,10,Erased Memories,
Modern Anomaly,Erased Memories,2024-11-30,Aarhus,n/a,Denmark,3,7.5,Erased Memories,
Modern Anomaly,Erased Memories,2024-11-30,Białystok,n/a,Poland,3,7.5,Erased Memories,
Modern Anomaly,Erased Memories,2024-11-30,Bremen,n/a,Germany,2,7.5,Erased Memories,
Modern Anomaly,Erased Memories,2024-11-30,Caserta,Province of Caserta,Italy,7,3,Erased Memories,
Modern Anomaly,Erased Memories,2024-11-30,Castellón de la Plana,n/a,Spain,3,7.5,Erased Memories,
Modern Anomaly,Erased Memories,2024-11-30,Kecskemét,n/a,Hungary,0.5,6.5,Erased Memories,
Modern Anomaly,Erased Memories,2024-11-30,Kristiansand,n/a,Norway,0,10,Erased Memories,
Modern Anomaly,Erased Memories,2024-11-30,Málaga,n/a,Spain,8,2,Erased Memories,
Modern Anomaly,Erased Memories,2024-11-30,Rennes,n/a,France,7,2.5,Erased Memories,
Modern Anomaly,Erased Memories,2024-11-30,Salzburg,n/a,Austria,4.5,5.5,Erased Memories,
Modern Anomaly,Erased Memories,2024-11-30,Västerås,n/a,Sweden,9,1.5,Erased Memories,
Modern Anomaly,Erased Memories,2024-11-30,Coimbra,n/a,Portugal,0.5,10.5,Erased Memories,
Modern Anomaly,Erased Memories,2024-11-30,Cork,n/a,Ireland,2,9.5,Erased Memories,
Modern Anomaly,Erased Memories,2024-11-30,Newcastle upon Tyne,England,United Kingdom,5.5,2,Erased Memories,
Modern Anomaly,Erased Memories,2024-11-30,Oxford,England,United Kingdom,2.5,7.5,Erased Memories,
Modern Anomaly,Erased Memories,2024-11-30,Plovdiv,n/a,Bulgaria,8.5,3.6,Erased Memories,
Modern Anomaly,Erased Memories,2024-11-30,Marseille,n/a,France,4.5,8,Erased Memories,
Modern Anomaly,Erased Memories,2024-12-14,Christchurch,n/a,New Zealand,142.0,61.5,Erased Memories,
Modern Anomaly,Erased Memories,2024-12-14,Nashville,Tennessee,United States,171.3,35.0,Erased Memories,
Modern Anomaly,Erased Memories,2024-11-02,Valencia,n/a,Spain,0,0,Erased Memories,Event cancelled due to flooding.
Modern Anomaly,+Alpha,2025-02-15,Yokosuka,Kanto,Japan,151.40,60.70,plusAlpha,
Modern Anomaly,+Alpha,2025-02-22,Tucson,Arizona,United States,167.20,33.80,plusAlpha,
Modern Anomaly,+Alpha,2025-03-01,İzmir,n/a,Turkey,6.3,7.7,plusAlpha,
Modern Anomaly,+Alpha,2025-03-01,Tallinn,n/a,Estonia,3.5,9.8,plusAlpha,
Modern Anomaly,+Alpha,2025-03-01,Augsburg,Swabia,Germany,8.4,4.9,plusAlpha,
Modern Anomaly,+Alpha,2025-03-01,Copenhagen,n/a,Denmark,4.9,7,plusAlpha,
Modern Anomaly,+Alpha,2025-03-01,Nantes,n/a,France,8.4,2.1,plusAlpha,
Modern Anomaly,+Alpha,2025-03-01,Seville,Seville,Spain,7.7,7.7,plusAlpha,
Modern Anomaly,+Alpha,2025-03-01,Stockholm,Stockholm,Sweden,9.1,5.6,plusAlpha,
Modern Anomaly,+Alpha,2025-03-01,Wrocław,Dolnośląskie,Poland,5.6,4.9,plusAlpha,
Modern Anomaly,+Alpha,2025-03-01,Belfast,Northern Ireland,United Kingdom,4.2,7.7,plusAlpha,
Modern Anomaly,+Alpha,2025-03-01,Yerevan,n/a,Armenia,3.475,3.825,plusAlpha,
Modern Anomaly,+Alpha,2025-03-01,Kaunas ,Kaunas County,Lithuania,7.15,9.4,plusAlpha,
Modern Anomaly,+Alpha,2025-03-01,Brussels,n/a,Belgium,7.7,7.85,plusAlpha,
Modern Anomaly,+Alpha,2025-03-01,Oslo,Oslo,Norway,5.75,7.125,plusAlpha,
Modern Anomaly,+Alpha,2025-03-08,Auckland,n/a,New Zealand,0.00,12.60,plusAlpha,
Modern Anomaly,+Alpha,2025-03-08,Canberra,Australian Capital Territory,Australia,11.20,2.10,plusAlpha,
Modern Anomaly,+Alpha,2025-03-08,Daegu,North Gyeongsang Province,South Korea,7.70,7.70,plusAlpha,
Modern Anomaly,+Alpha,2025-03-08,Kagoshima,Kagoshima,Japan,8.40,6.30,plusAlpha,
Modern Anomaly,+Alpha,2025-03-08,Baguio City,n/a,Philippines,17.50,0.00,plusAlpha,
Modern Anomaly,+Alpha,2025-03-08,Donggang,Pingtung County,Taiwan,0.00,17.50,plusAlpha,
Modern Anomaly,+Alpha,2025-03-08,Petaling Jaya,Selangor,Malaysia,7.70,9.10,plusAlpha,
Modern Anomaly,+Alpha,2025-03-08,Zhubei,Hsinchu County,Taiwan,14.00,2.80,plusAlpha,
Modern Anomaly,+Alpha,2025-03-08,Bangkok,n/a,Thailand,7.00,6.30,plusAlpha,
Modern Anomaly,+Alpha,2025-03-08,Ho Chi Minh City,Thành phố Hồ Chí Minh,Vietnam,0.00,12.60,plusAlpha,
Modern Anomaly,+Alpha,2025-03-08,South Jakarta,Jakarta,Indonesia,8.40,1.40,plusAlpha,
Modern Anomaly,+Alpha,2025-03-08,Galle,n/a,Sri Lanka,11.20,1.40,plusAlpha,
Modern Anomaly,+Alpha,2025-03-08,Almaty,n/a,Kazakhstan,13.30,2.10,plusAlpha,
Modern Anomaly,+Alpha,2025-03-15,Victoria,British Columbia,Canada,16.80,0.00,plusAlpha,
Modern Anomaly,+Alpha,2025-03-15,Guadalajara,Jalisco,Mexico,7.00,8.40,plusAlpha,
Modern Anomaly,+Alpha,2025-03-15,Oklahoma City,Oklahoma,United States,11.20,1.40,plusAlpha,
Modern Anomaly,+Alpha,2025-03-15,Panama City,n/a,Panama,0.70,9.10,plusAlpha,
Modern Anomaly,+Alpha,2025-03-15,Piura,Piura,Peru,9.80,7.70,plusAlpha,
Modern Anomaly,+Alpha,2025-03-15,Norfolk,Virginia,United States,7.70,7.70,plusAlpha,
Modern Anomaly,+Alpha,2025-03-15,Orono,Maine,United States,4.90,5.60,plusAlpha,
Modern Anomaly,+Alpha,2025-03-15,Tampa,Florida,United States,10.50,2.10,plusAlpha,
Modern Anomaly,+Alpha,2025-03-15,Asuncion,Distrito Capital de Paraguay,Paraguay,13.30,0.00,plusAlpha,
Modern Anomaly,+Alpha,2025-03-15,Buenos Aires,n/a,Argentina,9.80,4.90,plusAlpha,
Modern Anomaly,+Alpha,2025-03-15,Coquimbo,Coquimbo Region,Chile,12.60,0.70,plusAlpha,
Modern Anomaly,+Alpha,2025-03-15,Goiânia ,Goiás,Brazil,0.00,16.80,plusAlpha,
Modern Anomaly,+Alpha,2025-03-15,Champaign,Illinois,United States,8.95,7.60,plusAlpha,
Modern Anomaly,+Alpha,2025-03-22,Naples,Campania,Italy,97.10,110.50,plusAlpha,